"id","type","controller","action","enabled","policy","role"
1270,application,region,create,1,"",1
1271,application,region,create,0,"",2
1272,application,region,create,0,"",3
1276,application,region,find,1,"",1
1277,application,region,find,1,"",2
1278,application,region,find,1,"",3
1279,application,region,findone,1,"",1
1280,application,region,findone,1,"",2
1281,application,region,findone,1,"",3
1282,application,region,update,1,"",1
1283,application,region,update,0,"",2
1284,application,region,update,0,"",3
1285,application,ring,count,1,"",1
1286,application,ring,count,1,"",2
1287,application,ring,count,1,"",3
1288,application,ring,create,1,"",1
1289,application,ring,create,0,"",2
1290,application,ring,create,0,"",3
1294,application,ring,find,1,"",1
1295,application,ring,find,1,"",2
1296,application,ring,find,1,"",3
1297,application,ring,findone,1,"",1
1298,application,ring,findone,1,"",2
1299,application,ring,findone,1,"",3
1300,application,ring,update,1,"",1
1301,application,ring,update,0,"",2
1302,application,ring,update,0,"",3
1303,application,system,count,1,"",1
1304,application,system,count,1,"",2
1305,application,system,count,1,"",3
1306,application,system,create,1,"",1
1307,application,system,create,0,"",2
1308,application,system,create,0,"",3
1312,application,system,find,1,"",1
1313,application,system,find,1,"",2
1314,application,system,find,1,"",3
1315,application,system,findone,1,"",1
1316,application,system,findone,1,"",2
1317,application,system,findone,1,"",3
1318,application,system,update,1,"",1
1319,application,system,update,0,"",2
1320,application,system,update,0,"",3
1321,application,tbcycle,count,1,"",1
1322,application,tbcycle,count,1,"",2
1323,application,tbcycle,count,1,"",3
1324,application,tbcycle,create,1,"",1
1325,application,tbcycle,create,0,"",2
1326,application,tbcycle,create,0,"",3
1330,application,tbcycle,find,1,"",1
1331,application,tbcycle,find,1,"",2
1332,application,tbcycle,find,1,"",3
1333,application,tbcycle,findone,1,"",1
1334,application,tbcycle,findone,1,"",2
1335,application,tbcycle,findone,1,"",3
1336,application,tbcycle,update,1,"",1
1337,application,tbcycle,update,0,"",2
1338,application,tbcycle,update,0,"",3
1339,application,tbreport,count,1,"",1
1340,application,tbreport,count,1,"",2
1341,application,tbreport,count,1,"",3
1342,application,tbreport,create,1,"",1
1343,application,tbreport,create,1,"",2
1344,application,tbreport,create,1,"",3
1348,application,tbreport,find,1,"",1
1349,application,tbreport,find,1,"",2
1350,application,tbreport,find,1,"",3
1351,application,tbreport,findone,1,"",1
1352,application,tbreport,findone,1,"",2
1353,application,tbreport,findone,1,"",3
1354,application,tbreport,update,1,"",1
1355,application,tbreport,update,1,"",2
1356,application,tbreport,update,0,"",3
1357,application,tbsite,count,1,"",1
1358,application,tbsite,count,1,"",2
1359,application,tbsite,count,1,"",3
1360,application,tbsite,create,1,"",1
1361,application,tbsite,create,0,"",2
1362,application,tbsite,create,0,"",3
1366,application,tbsite,find,1,"",1
1367,application,tbsite,find,1,"",2
1368,application,tbsite,find,1,"",3
1369,application,tbsite,findone,1,"",1
1370,application,tbsite,findone,1,"",2
1371,application,tbsite,findone,1,"",3
1372,application,tbsite,update,1,"",1
1373,application,tbsite,update,0,"",2
1374,application,tbsite,update,0,"",3
1375,application,tbtype,count,1,"",1
1376,application,tbtype,count,1,"",2
1377,application,tbtype,count,1,"",3
1378,application,tbtype,create,1,"",1
1379,application,tbtype,create,0,"",2
1380,application,tbtype,create,0,"",3
1384,application,tbtype,find,1,"",1
1385,application,tbtype,find,1,"",2
1386,application,tbtype,find,1,"",3
1387,application,tbtype,findone,1,"",1
1388,application,tbtype,findone,1,"",2
1389,application,tbtype,findone,1,"",3
1390,application,tbtype,update,1,"",1
1391,application,tbtype,update,0,"",2
1392,application,tbtype,update,0,"",3
1411,application,tsreport,count,1,"",1
1412,application,tsreport,count,1,"",2
1413,application,tsreport,count,1,"",3
1414,application,tsreport,create,1,"",1
1415,application,tsreport,create,1,"",2
1416,application,tsreport,create,1,"",3
1420,application,tsreport,find,1,"",1
1421,application,tsreport,find,1,"",2
1422,application,tsreport,find,1,"",3
1423,application,tsreport,findone,1,"",1
1424,application,tsreport,findone,1,"",2
1425,application,tsreport,findone,1,"",3
1426,application,tsreport,update,1,"",1
1427,application,tsreport,update,1,"",2
1428,application,tsreport,update,0,"",3
1429,application,tssite,count,1,"",1
1430,application,tssite,count,1,"",2
1431,application,tssite,count,1,"",3
1432,application,tssite,create,1,"",1
1433,application,tssite,create,0,"",2
1434,application,tssite,create,0,"",3
1438,application,tssite,find,1,"",1
1439,application,tssite,find,1,"",2
1440,application,tssite,find,1,"",3
1441,application,tssite,findone,1,"",1
1442,application,tssite,findone,1,"",2
1443,application,tssite,findone,1,"",3
1444,application,tssite,update,1,"",1
1445,application,tssite,update,0,"",2
1446,application,tssite,update,0,"",3
1447,application,tsstatus,count,1,"",1
1448,application,tsstatus,count,1,"",2
1449,application,tsstatus,count,1,"",3
1450,application,tsstatus,create,1,"",1
1451,application,tsstatus,create,0,"",2
1452,application,tsstatus,create,0,"",3
1456,application,tsstatus,find,1,"",1
1457,application,tsstatus,find,1,"",2
1458,application,tsstatus,find,1,"",3
1459,application,tsstatus,findone,1,"",1
1460,application,tsstatus,findone,1,"",2
1461,application,tsstatus,findone,1,"",3
1462,application,tsstatus,update,1,"",1
1463,application,tsstatus,update,0,"",2
1464,application,tsstatus,update,0,"",3
1465,application,twreport,count,1,"",1
1466,application,twreport,count,1,"",2
1467,application,twreport,count,1,"",3
1468,application,twreport,create,1,"",1
1469,application,twreport,create,1,"",2
1470,application,twreport,create,1,"",3
1480,application,twreport,update,1,"",1
1481,application,twreport,update,1,"",2
1482,application,twreport,update,0,"",3
1483,application,twsite,count,1,"",1
1484,application,twsite,count,1,"",2
1485,application,twsite,count,1,"",3
1486,application,twsite,create,1,"",1
1487,application,twsite,create,0,"",2
1488,application,twsite,create,0,"",3
1492,application,twsite,find,1,"",1
1493,application,twsite,find,1,"",2
1494,application,twsite,find,1,"",3
1495,application,twsite,findone,1,"",1
1496,application,twsite,findone,1,"",2
1497,application,twsite,findone,1,"",3
1498,application,twsite,update,1,"",1
1499,application,twsite,update,0,"",2
1500,application,twsite,update,0,"",3
1501,application,twtype,count,1,"",1
1502,application,twtype,count,1,"",2
1503,application,twtype,count,1,"",3
1504,application,twtype,create,1,"",1
1505,application,twtype,create,0,"",2
1506,application,twtype,create,0,"",3
1510,application,twtype,find,1,"",1
1511,application,twtype,find,1,"",2
1512,application,twtype,find,1,"",3
1513,application,twtype,findone,1,"",1
1514,application,twtype,findone,1,"",2
1515,application,twtype,findone,1,"",3
1516,application,twtype,update,1,"",1
1517,application,twtype,update,0,"",2
1518,application,twtype,update,0,"",3
1519,content-manager,contentmanager,count,1,"",1
1520,content-manager,contentmanager,count,0,"",2
1521,content-manager,contentmanager,count,0,"",3
1522,content-manager,contentmanager,create,1,"",1
1523,content-manager,contentmanager,create,0,"",2
1524,content-manager,contentmanager,create,0,"",3
1525,content-manager,contentmanager,delete,1,"",1
1526,content-manager,contentmanager,delete,0,"",2
1527,content-manager,contentmanager,delete,0,"",3
1528,content-manager,contentmanager,deleteall,1,"",1
1529,content-manager,contentmanager,deleteall,0,"",2
1530,content-manager,contentmanager,deleteall,0,"",3
1531,content-manager,contentmanager,find,1,"",1
1532,content-manager,contentmanager,find,0,"",2
1533,content-manager,contentmanager,find,0,"",3
1534,content-manager,contentmanager,findone,1,"",1
1535,content-manager,contentmanager,findone,0,"",2
1536,content-manager,contentmanager,findone,0,"",3
1537,content-manager,contentmanager,models,1,"",1
1538,content-manager,contentmanager,models,0,"",2
1539,content-manager,contentmanager,models,0,"",3
1540,content-manager,contentmanager,update,1,"",1
1541,content-manager,contentmanager,update,0,"",2
1542,content-manager,contentmanager,update,0,"",3
1543,content-manager,contentmanager,updatesettings,1,"",1
1544,content-manager,contentmanager,updatesettings,0,"",2
1545,content-manager,contentmanager,updatesettings,0,"",3
1552,content-type-builder,contenttypebuilder,checktableexists,1,"",1
1553,content-type-builder,contenttypebuilder,checktableexists,0,"",2
1554,content-type-builder,contenttypebuilder,checktableexists,0,"",3
1555,content-type-builder,contenttypebuilder,createmodel,1,"",1
1556,content-type-builder,contenttypebuilder,createmodel,0,"",2
1557,content-type-builder,contenttypebuilder,createmodel,0,"",3
1558,content-type-builder,contenttypebuilder,deletemodel,1,"",1
1559,content-type-builder,contenttypebuilder,deletemodel,0,"",2
1560,content-type-builder,contenttypebuilder,deletemodel,0,"",3
1561,content-type-builder,contenttypebuilder,getconnections,1,"",1
1562,content-type-builder,contenttypebuilder,getconnections,0,"",2
1563,content-type-builder,contenttypebuilder,getconnections,0,"",3
1564,content-type-builder,contenttypebuilder,getmodel,1,"",1
1565,content-type-builder,contenttypebuilder,getmodel,0,"",2
1566,content-type-builder,contenttypebuilder,getmodel,0,"",3
1567,content-type-builder,contenttypebuilder,getmodels,1,"",1
1568,content-type-builder,contenttypebuilder,getmodels,0,"",2
1569,content-type-builder,contenttypebuilder,getmodels,0,"",3
1570,content-type-builder,contenttypebuilder,updatemodel,1,"",1
1571,content-type-builder,contenttypebuilder,updatemodel,0,"",2
1572,content-type-builder,contenttypebuilder,updatemodel,0,"",3
1573,documentation,documentation,deletedoc,1,"",1
1574,documentation,documentation,deletedoc,0,"",2
1575,documentation,documentation,deletedoc,0,"",3
1576,documentation,documentation,getinfos,1,"",1
1577,documentation,documentation,getinfos,0,"",2
1578,documentation,documentation,getinfos,0,"",3
1579,documentation,documentation,index,1,"",1
1580,documentation,documentation,index,0,"",2
1581,documentation,documentation,index,0,"",3
1582,documentation,documentation,login,1,"",1
1583,documentation,documentation,login,0,"",2
1584,documentation,documentation,login,0,"",3
1585,documentation,documentation,loginview,1,"",1
1586,documentation,documentation,loginview,0,"",2
1587,documentation,documentation,loginview,0,"",3
1588,documentation,documentation,regeneratedoc,1,"",1
1589,documentation,documentation,regeneratedoc,0,"",2
1590,documentation,documentation,regeneratedoc,0,"",3
1591,documentation,documentation,updatesettings,1,"",1
1592,documentation,documentation,updatesettings,0,"",2
1593,documentation,documentation,updatesettings,0,"",3
1594,email,email,getenvironments,1,"",1
1595,email,email,getenvironments,0,"",2
1596,email,email,getenvironments,0,"",3
1597,email,email,getsettings,1,"",1
1598,email,email,getsettings,0,"",2
1599,email,email,getsettings,0,"",3
1600,email,email,send,1,"",1
1601,email,email,send,0,"",2
1602,email,email,send,0,"",3
1603,email,email,updatesettings,1,"",1
1604,email,email,updatesettings,0,"",2
1605,email,email,updatesettings,0,"",3
1609,settings-manager,settingsmanager,createdatabase,1,"",1
1610,settings-manager,settingsmanager,createdatabase,0,"",2
1611,settings-manager,settingsmanager,createdatabase,0,"",3
1612,settings-manager,settingsmanager,createlanguage,1,"",1
1613,settings-manager,settingsmanager,createlanguage,0,"",2
1614,settings-manager,settingsmanager,createlanguage,0,"",3
1615,settings-manager,settingsmanager,database,1,"",1
1616,settings-manager,settingsmanager,database,0,"",2
1617,settings-manager,settingsmanager,database,0,"",3
1618,settings-manager,settingsmanager,databasemodel,1,"",1
1619,settings-manager,settingsmanager,databasemodel,0,"",2
1620,settings-manager,settingsmanager,databasemodel,0,"",3
1621,settings-manager,settingsmanager,databases,1,"",1
1622,settings-manager,settingsmanager,databases,0,"",2
1623,settings-manager,settingsmanager,databases,0,"",3
1624,settings-manager,settingsmanager,deletedatabase,1,"",1
1625,settings-manager,settingsmanager,deletedatabase,0,"",2
1626,settings-manager,settingsmanager,deletedatabase,0,"",3
1627,settings-manager,settingsmanager,deletelanguage,1,"",1
1628,settings-manager,settingsmanager,deletelanguage,0,"",2
1629,settings-manager,settingsmanager,deletelanguage,0,"",3
1630,settings-manager,settingsmanager,environments,1,"",1
1631,settings-manager,settingsmanager,environments,0,"",2
1632,settings-manager,settingsmanager,environments,0,"",3
1633,settings-manager,settingsmanager,get,1,"",1
1634,settings-manager,settingsmanager,get,0,"",2
1635,settings-manager,settingsmanager,get,0,"",3
1636,settings-manager,settingsmanager,languages,1,"",1
1637,settings-manager,settingsmanager,languages,0,"",2
1638,settings-manager,settingsmanager,languages,0,"",3
1639,settings-manager,settingsmanager,menu,1,"",1
1640,settings-manager,settingsmanager,menu,0,"",2
1641,settings-manager,settingsmanager,menu,0,"",3
1642,settings-manager,settingsmanager,update,1,"",1
1643,settings-manager,settingsmanager,update,0,"",2
1644,settings-manager,settingsmanager,update,0,"",3
1645,settings-manager,settingsmanager,updatedatabase,1,"",1
1646,settings-manager,settingsmanager,updatedatabase,0,"",2
1647,settings-manager,settingsmanager,updatedatabase,0,"",3
1648,upload,upload,count,1,"",1
1649,upload,upload,count,1,"",2
1650,upload,upload,count,1,"",3
1651,upload,upload,destroy,1,"",1
1652,upload,upload,destroy,0,"",2
1653,upload,upload,destroy,0,"",3
1654,upload,upload,find,1,"",1
1655,upload,upload,find,1,"",2
1656,upload,upload,find,1,"",3
1657,upload,upload,findone,1,"",1
1658,upload,upload,findone,1,"",2
1659,upload,upload,findone,1,"",3
1660,upload,upload,getenvironments,1,"",1
1661,upload,upload,getenvironments,0,"",2
1662,upload,upload,getenvironments,0,"",3
1663,upload,upload,getsettings,1,"",1
1664,upload,upload,getsettings,0,"",2
1665,upload,upload,getsettings,0,"",3
1666,upload,upload,search,1,"",1
1667,upload,upload,search,0,"",2
1668,upload,upload,search,0,"",3
1669,upload,upload,updatesettings,1,"",1
1670,upload,upload,updatesettings,0,"",2
1671,upload,upload,updatesettings,0,"",3
1672,upload,upload,upload,1,"",1
1673,upload,upload,upload,1,"",2
1674,upload,upload,upload,0,"",3
1675,users-permissions,auth,callback,1,"",1
1676,users-permissions,auth,callback,0,"",2
1677,users-permissions,auth,callback,1,"",3
1678,users-permissions,auth,changepassword,1,"",1
1679,users-permissions,auth,changepassword,0,"",2
1680,users-permissions,auth,changepassword,1,"",3
1681,users-permissions,auth,connect,1,"",1
1682,users-permissions,auth,connect,1,"",2
1683,users-permissions,auth,connect,1,"",3
1684,users-permissions,auth,emailconfirmation,1,"",1
1685,users-permissions,auth,emailconfirmation,0,"",2
1686,users-permissions,auth,emailconfirmation,1,"",3
1687,users-permissions,auth,forgotpassword,1,"",1
1688,users-permissions,auth,forgotpassword,0,"",2
1689,users-permissions,auth,forgotpassword,1,"",3
1690,users-permissions,auth,register,1,"",1
1691,users-permissions,auth,register,0,"",2
1692,users-permissions,auth,register,1,"",3
1693,users-permissions,user,create,1,"",1
1694,users-permissions,user,create,0,"",2
1695,users-permissions,user,create,0,"",3
1696,users-permissions,user,destroy,1,"",1
1697,users-permissions,user,destroy,0,"",2
1698,users-permissions,user,destroy,0,"",3
1699,users-permissions,user,destroyall,1,"",1
1700,users-permissions,user,destroyall,0,"",2
1701,users-permissions,user,destroyall,0,"",3
1702,users-permissions,user,find,1,"",1
1703,users-permissions,user,find,0,"",2
1704,users-permissions,user,find,0,"",3
1705,users-permissions,user,findone,1,"",1
1706,users-permissions,user,findone,0,"",2
1707,users-permissions,user,findone,0,"",3
1708,users-permissions,user,me,1,"",1
1709,users-permissions,user,me,1,"",2
1710,users-permissions,user,me,1,"",3
1711,users-permissions,user,update,1,"",1
1712,users-permissions,user,update,0,"",2
1713,users-permissions,user,update,0,"",3
1714,users-permissions,userspermissions,createrole,1,"",1
1715,users-permissions,userspermissions,createrole,0,"",2
1716,users-permissions,userspermissions,createrole,0,"",3
1717,users-permissions,userspermissions,deleteprovider,1,"",1
1718,users-permissions,userspermissions,deleteprovider,0,"",2
1719,users-permissions,userspermissions,deleteprovider,0,"",3
1720,users-permissions,userspermissions,deleterole,1,"",1
1721,users-permissions,userspermissions,deleterole,0,"",2
1722,users-permissions,userspermissions,deleterole,0,"",3
1723,users-permissions,userspermissions,getadvancedsettings,1,"",1
1724,users-permissions,userspermissions,getadvancedsettings,0,"",2
1725,users-permissions,userspermissions,getadvancedsettings,0,"",3
1726,users-permissions,userspermissions,getemailtemplate,1,"",1
1727,users-permissions,userspermissions,getemailtemplate,0,"",2
1728,users-permissions,userspermissions,getemailtemplate,0,"",3
1729,users-permissions,userspermissions,getpermissions,1,"",1
1730,users-permissions,userspermissions,getpermissions,0,"",2
1731,users-permissions,userspermissions,getpermissions,0,"",3
1732,users-permissions,userspermissions,getpolicies,1,"",1
1733,users-permissions,userspermissions,getpolicies,0,"",2
1734,users-permissions,userspermissions,getpolicies,0,"",3
1735,users-permissions,userspermissions,getproviders,1,"",1
1736,users-permissions,userspermissions,getproviders,0,"",2
1737,users-permissions,userspermissions,getproviders,0,"",3
1738,users-permissions,userspermissions,getrole,1,"",1
1739,users-permissions,userspermissions,getrole,0,"",2
1740,users-permissions,userspermissions,getrole,0,"",3
1741,users-permissions,userspermissions,getroles,1,"",1
1742,users-permissions,userspermissions,getroles,0,"",2
1743,users-permissions,userspermissions,getroles,0,"",3
1744,users-permissions,userspermissions,getroutes,1,"",1
1745,users-permissions,userspermissions,getroutes,0,"",2
1746,users-permissions,userspermissions,getroutes,0,"",3
1747,users-permissions,userspermissions,index,1,"",1
1748,users-permissions,userspermissions,index,0,"",2
1749,users-permissions,userspermissions,index,0,"",3
1750,users-permissions,userspermissions,init,1,"",1
1751,users-permissions,userspermissions,init,1,"",2
1752,users-permissions,userspermissions,init,1,"",3
1753,users-permissions,userspermissions,searchusers,1,"",1
1754,users-permissions,userspermissions,searchusers,0,"",2
1755,users-permissions,userspermissions,searchusers,0,"",3
1756,users-permissions,userspermissions,updateadvancedsettings,1,"",1
1757,users-permissions,userspermissions,updateadvancedsettings,0,"",2
1758,users-permissions,userspermissions,updateadvancedsettings,0,"",3
1759,users-permissions,userspermissions,updateemailtemplate,1,"",1
1760,users-permissions,userspermissions,updateemailtemplate,0,"",2
1761,users-permissions,userspermissions,updateemailtemplate,0,"",3
1762,users-permissions,userspermissions,updateproviders,1,"",1
1763,users-permissions,userspermissions,updateproviders,0,"",2
1764,users-permissions,userspermissions,updateproviders,0,"",3
1765,users-permissions,userspermissions,updaterole,1,"",1
1766,users-permissions,userspermissions,updaterole,0,"",2
1767,users-permissions,userspermissions,updaterole,0,"",3
2677,application,bmtype,find,1,"",1
2678,application,bmtype,findone,1,"",1
2679,application,bmtype,count,1,"",1
2680,application,bmtype,create,1,"",1
2681,application,bmtype,update,1,"",1
2683,application,cstype,find,1,"",1
2684,application,cstype,findone,1,"",1
2685,application,cstype,count,1,"",1
2686,application,cstype,create,1,"",1
2687,application,cstype,update,1,"",1
2689,application,bmtype,find,1,"",2
2690,application,bmtype,findone,1,"",2
2691,application,bmtype,count,1,"",2
2692,application,bmtype,create,0,"",2
2693,application,bmtype,update,0,"",2
2695,application,cstype,find,1,"",2
2696,application,cstype,findone,1,"",2
2697,application,cstype,count,1,"",2
2698,application,cstype,create,0,"",2
2699,application,cstype,update,0,"",2
2701,application,bmtype,find,1,"",3
2702,application,bmtype,findone,1,"",3
2703,application,bmtype,count,1,"",3
2704,application,bmtype,create,0,"",3
2705,application,bmtype,update,0,"",3
2707,application,cstype,find,1,"",3
2708,application,cstype,findone,1,"",3
2709,application,cstype,count,1,"",3
2710,application,cstype,create,0,"",3
2711,application,cstype,update,0,"",3
2713,application,reporttype,find,1,"",1
2714,application,reporttype,findone,1,"",1
2715,application,reporttype,count,1,"",1
2716,application,reporttype,create,1,"",1
2717,application,reporttype,update,1,"",1
2719,application,reporttype,find,1,"",2
2720,application,reporttype,findone,1,"",2
2721,application,reporttype,count,1,"",2
2722,application,reporttype,create,0,"",2
2723,application,reporttype,update,0,"",2
2725,application,reporttype,find,1,"",3
2726,application,reporttype,findone,1,"",3
2727,application,reporttype,count,1,"",3
2728,application,reporttype,create,0,"",3
2729,application,reporttype,update,0,"",3
2731,application,axczfssreport,find,1,"",1
2732,application,axczfssreport,findone,1,"",1
2733,application,axczfssreport,count,1,"",1
2734,application,axczfssreport,create,1,"",1
2735,application,axczfssreport,update,1,"",1
2737,application,clientreport,find,1,"",1
2738,application,clientreport,findone,1,"",1
2739,application,clientreport,count,1,"",1
2740,application,clientreport,create,1,"",1
2741,application,clientreport,update,1,"",1
2743,application,clientroute,find,1,"",1
2744,application,clientroute,findone,1,"",1
2745,application,clientroute,count,1,"",1
2746,application,clientroute,create,1,"",1
2747,application,clientroute,update,1,"",1
2749,application,excludefss,find,1,"",1
2750,application,excludefss,findone,1,"",1
2751,application,excludefss,count,1,"",1
2752,application,excludefss,create,1,"",1
2753,application,excludefss,update,1,"",1
2755,application,lcfssreport,find,1,"",1
2756,application,lcfssreport,findone,1,"",1
2757,application,lcfssreport,count,1,"",1
2758,application,lcfssreport,create,1,"",1
2759,application,lcfssreport,update,1,"",1
2761,application,reportcodex,find,1,"",1
2762,application,reportcodex,findone,1,"",1
2763,application,reportcodex,count,1,"",1
2764,application,reportcodex,create,1,"",1
2765,application,reportcodex,update,1,"",1
2774,application,reportfss,findone,1,"",1
2775,application,reportfss,count,1,"",1
2776,application,reportfss,create,1,"",1
2777,application,reportfss,update,1,"",1
2779,application,axczfssreport,find,1,"",2
2780,application,axczfssreport,findone,1,"",2
2781,application,axczfssreport,count,1,"",2
2782,application,axczfssreport,create,1,"",2
2783,application,axczfssreport,update,1,"",2
2785,application,clientreport,find,1,"",2
2786,application,clientreport,findone,1,"",2
2787,application,clientreport,count,1,"",2
2788,application,clientreport,create,1,"",2
2789,application,clientreport,update,1,"",2
2791,application,clientroute,find,1,"",2
2792,application,clientroute,findone,1,"",2
2793,application,clientroute,count,1,"",2
2794,application,clientroute,create,0,"",2
2795,application,clientroute,update,0,"",2
2797,application,excludefss,find,1,"",2
2798,application,excludefss,findone,1,"",2
2799,application,excludefss,count,1,"",2
2800,application,excludefss,create,0,"",2
2801,application,excludefss,update,0,"",2
2803,application,lcfssreport,find,1,"",2
2804,application,lcfssreport,findone,1,"",2
2805,application,lcfssreport,count,1,"",2
2806,application,lcfssreport,create,1,"",2
2807,application,lcfssreport,update,1,"",2
2809,application,reportcodex,find,1,"",2
2810,application,reportcodex,findone,1,"",2
2811,application,reportcodex,count,1,"",2
2812,application,reportcodex,create,1,"",2
2813,application,reportcodex,update,1,"",2
2822,application,reportfss,findone,1,"",2
2823,application,reportfss,count,1,"",2
2824,application,reportfss,create,1,"",2
2825,application,reportfss,update,1,"",2
2827,application,axczfssreport,find,1,"",3
2828,application,axczfssreport,findone,1,"",3
2829,application,axczfssreport,count,1,"",3
2830,application,axczfssreport,create,1,"",3
2831,application,axczfssreport,update,0,"",3
2833,application,clientreport,find,1,"",3
2834,application,clientreport,findone,1,"",3
2835,application,clientreport,count,1,"",3
2836,application,clientreport,create,1,"",3
2837,application,clientreport,update,0,"",3
2839,application,clientroute,find,1,"",3
2840,application,clientroute,findone,1,"",3
2841,application,clientroute,count,1,"",3
2842,application,clientroute,create,0,"",3
2843,application,clientroute,update,0,"",3
2845,application,excludefss,find,1,"",3
2846,application,excludefss,findone,1,"",3
2847,application,excludefss,count,1,"",3
2848,application,excludefss,create,0,"",3
2849,application,excludefss,update,0,"",3
2851,application,lcfssreport,find,1,"",3
2852,application,lcfssreport,findone,1,"",3
2853,application,lcfssreport,count,1,"",3
2854,application,lcfssreport,create,1,"",3
2855,application,lcfssreport,update,0,"",3
2857,application,reportcodex,find,1,"",3
2858,application,reportcodex,findone,1,"",3
2859,application,reportcodex,count,1,"",3
2860,application,reportcodex,create,1,"",3
2861,application,reportcodex,update,0,"",3
2870,application,reportfss,findone,1,"",3
2871,application,reportfss,count,1,"",3
2872,application,reportfss,create,1,"",3
2873,application,reportfss,update,0,"",3
2875,application,alert,find,1,"",1
2876,application,alert,findone,1,"",1
2877,application,alert,count,1,"",1
2878,application,alert,create,1,"",1
2879,application,alert,update,1,"",1
2881,application,pointofinterest,find,1,"",1
2882,application,pointofinterest,findone,1,"",1
2883,application,pointofinterest,count,1,"",1
2884,application,pointofinterest,create,1,"",1
2885,application,pointofinterest,update,1,"",1
2887,application,alert,find,1,"",2
2888,application,alert,findone,1,"",2
2889,application,alert,count,1,"",2
2890,application,alert,create,0,"",2
2891,application,alert,update,0,"",2
2893,application,pointofinterest,find,1,"",2
2894,application,pointofinterest,findone,1,"",2
2895,application,pointofinterest,count,1,"",2
2896,application,pointofinterest,create,0,"",2
2897,application,pointofinterest,update,0,"",2
2899,application,alert,find,1,"",3
2900,application,alert,findone,1,"",3
2901,application,alert,count,1,"",3
2902,application,alert,create,0,"",3
2903,application,alert,update,0,"",3
2905,application,pointofinterest,find,1,"",3
2906,application,pointofinterest,findone,1,"",3
2907,application,pointofinterest,count,1,"",3
2908,application,pointofinterest,create,0,"",3
2909,application,pointofinterest,update,0,"",3
2911,application,apreport,find,1,"",1
2912,application,apreport,findone,1,"",1
2913,application,apreport,count,1,"",1
2914,application,apreport,create,1,"",1
2915,application,apreport,update,1,"",1
2917,application,apsite,find,1,"",1
2918,application,apsite,findone,1,"",1
2919,application,apsite,count,1,"",1
2920,application,apsite,create,1,"",1
2921,application,apsite,update,1,"",1
2923,application,aptype,find,1,"",1
2924,application,aptype,findone,1,"",1
2925,application,aptype,count,1,"",1
2926,application,aptype,create,1,"",1
2927,application,aptype,update,1,"",1
2929,application,apreport,find,1,"",2
2930,application,apreport,findone,1,"",2
2931,application,apreport,count,1,"",2
2932,application,apreport,create,1,"",2
2933,application,apreport,update,1,"",2
2935,application,apsite,find,1,"",2
2936,application,apsite,findone,1,"",2
2937,application,apsite,count,1,"",2
2938,application,apsite,create,0,"",2
2939,application,apsite,update,0,"",2
2941,application,aptype,find,1,"",2
2942,application,aptype,findone,1,"",2
2943,application,aptype,count,1,"",2
2944,application,aptype,create,0,"",2
2945,application,aptype,update,0,"",2
2947,application,apreport,find,1,"",3
2948,application,apreport,findone,1,"",3
2949,application,apreport,count,1,"",3
2950,application,apreport,create,1,"",3
2951,application,apreport,update,0,"",3
2953,application,apsite,find,1,"",3
2954,application,apsite,findone,1,"",3
2955,application,apsite,count,1,"",3
2956,application,apsite,create,0,"",3
2957,application,apsite,update,0,"",3
2959,application,aptype,find,1,"",3
2960,application,aptype,findone,1,"",3
2961,application,aptype,count,1,"",3
2962,application,aptype,create,0,"",3
2963,application,aptype,update,0,"",3
2965,application,materialreport,find,1,"",1
2966,application,materialreport,findone,1,"",1
2967,application,materialreport,count,1,"",1
2968,application,materialreport,create,1,"",1
2969,application,materialreport,update,1,"",1
2971,application,materialreport,find,0,"",2
2972,application,materialreport,findone,0,"",2
2973,application,materialreport,count,0,"",2
2974,application,materialreport,create,0,"",2
2975,application,materialreport,update,0,"",2
2977,application,materialreport,find,0,"",3
2978,application,materialreport,findone,0,"",3
2979,application,materialreport,count,0,"",3
2980,application,materialreport,create,0,"",3
2981,application,materialreport,update,0,"",3
2983,application,alert,delete,1,"",1
2984,application,apiupdate,find,1,"",1
2985,application,apiupdate,findone,1,"",1
2986,application,apiupdate,count,1,"",1
2987,application,apiupdate,create,1,"",1
2988,application,apiupdate,update,1,"",1
2989,application,apiupdate,delete,1,"",1
2990,application,apreport,delete,1,"",1
2991,application,apsite,delete,1,"",1
2992,application,aptype,delete,1,"",1
2993,application,axczfssreport,delete,1,"",1
2994,application,bmreport,find,1,"",1
2995,application,bmreport,findone,1,"",1
2996,application,bmreport,count,1,"",1
2997,application,bmreport,create,1,"",1
2998,application,bmreport,update,1,"",1
2999,application,bmreport,delete,1,"",1
3000,application,bmsite,find,1,"",1
3001,application,bmsite,findone,1,"",1
3002,application,bmsite,count,1,"",1
3003,application,bmsite,create,1,"",1
3004,application,bmsite,update,1,"",1
3005,application,bmsite,delete,1,"",1
3006,application,bmtype,delete,1,"",1
3007,application,body,find,1,"",1
3008,application,body,findone,1,"",1
3009,application,body,count,1,"",1
3010,application,body,create,1,"",1
3011,application,body,update,1,"",1
3012,application,body,delete,1,"",1
3013,application,btreport,find,1,"",1
3014,application,btreport,findone,1,"",1
3015,application,btreport,count,1,"",1
3016,application,btreport,create,1,"",1
3017,application,btreport,update,1,"",1
3018,application,btreport,delete,1,"",1
3019,application,btsite,find,1,"",1
3020,application,btsite,findone,1,"",1
3021,application,btsite,count,1,"",1
3022,application,btsite,create,1,"",1
3023,application,btsite,update,1,"",1
3024,application,btsite,delete,1,"",1
3025,application,bttype,find,1,"",1
3026,application,bttype,findone,1,"",1
3027,application,bttype,count,1,"",1
3028,application,bttype,create,1,"",1
3029,application,bttype,update,1,"",1
3030,application,bttype,delete,1,"",1
3031,application,clientreport,delete,1,"",1
3032,application,clientroute,delete,1,"",1
3033,application,cmdr,find,1,"",1
3034,application,cmdr,findone,1,"",1
3035,application,cmdr,count,1,"",1
3036,application,cmdr,create,1,"",1
3037,application,cmdr,update,1,"",1
3038,application,cmdr,delete,1,"",1
3039,application,cmdrkill,find,1,"",1
3040,application,cmdrkill,findone,1,"",1
3041,application,cmdrkill,count,1,"",1
3042,application,cmdrkill,create,1,"",1
3043,application,cmdrkill,update,1,"",1
3044,application,cmdrkill,delete,1,"",1
3045,application,csreport,find,1,"",1
3046,application,csreport,findone,1,"",1
3047,application,csreport,count,1,"",1
3048,application,csreport,create,1,"",1
3049,application,csreport,update,1,"",1
3050,application,csreport,delete,1,"",1
3051,application,cssite,find,1,"",1
3052,application,cssite,findone,1,"",1
3053,application,cssite,count,1,"",1
3054,application,cssite,create,1,"",1
3055,application,cssite,update,1,"",1
3056,application,cssite,delete,1,"",1
3057,application,cstype,delete,1,"",1
3058,application,excludeclient,find,1,"",1
3059,application,excludeclient,findone,1,"",1
3060,application,excludeclient,count,1,"",1
3061,application,excludeclient,create,1,"",1
3062,application,excludeclient,update,1,"",1
3063,application,excludeclient,delete,1,"",1
3064,application,excludecmdr,find,1,"",1
3065,application,excludecmdr,findone,1,"",1
3066,application,excludecmdr,count,1,"",1
3067,application,excludecmdr,create,1,"",1
3068,application,excludecmdr,update,1,"",1
3069,application,excludecmdr,delete,1,"",1
3070,application,excludecodex,find,1,"",1
3071,application,excludecodex,findone,1,"",1
3072,application,excludecodex,count,1,"",1
3073,application,excludecodex,create,1,"",1
3074,application,excludecodex,update,1,"",1
3075,application,excludecodex,delete,1,"",1
3076,application,excludeevent,find,1,"",1
3077,application,excludeevent,findone,1,"",1
3078,application,excludeevent,count,1,"",1
3079,application,excludeevent,create,1,"",1
3080,application,excludeevent,update,1,"",1
3081,application,excludeevent,delete,1,"",1
3082,application,excludefss,delete,1,"",1
3083,application,excludeuss,find,1,"",1
3084,application,excludeuss,findone,1,"",1
3085,application,excludeuss,count,1,"",1
3086,application,excludeuss,create,1,"",1
3087,application,excludeuss,update,1,"",1
3088,application,excludeuss,delete,1,"",1
3089,application,fgreport,find,1,"",1
3090,application,fgreport,findone,1,"",1
3091,application,fgreport,count,1,"",1
3092,application,fgreport,create,1,"",1
3093,application,fgreport,update,1,"",1
3094,application,fgreport,delete,1,"",1
3095,application,fgsite,find,1,"",1
3096,application,fgsite,findone,1,"",1
3097,application,fgsite,count,1,"",1
3098,application,fgsite,create,1,"",1
3099,application,fgsite,update,1,"",1
3100,application,fgsite,delete,1,"",1
3101,application,fgtype,find,1,"",1
3102,application,fgtype,findone,1,"",1
3103,application,fgtype,count,1,"",1
3104,application,fgtype,create,1,"",1
3105,application,fgtype,update,1,"",1
3106,application,fgtype,delete,1,"",1
3107,application,fmreport,find,1,"",1
3108,application,fmreport,findone,1,"",1
3109,application,fmreport,count,1,"",1
3110,application,fmreport,create,1,"",1
3111,application,fmreport,update,1,"",1
3112,application,fmreport,delete,1,"",1
3113,application,fmsite,find,1,"",1
3114,application,fmsite,findone,1,"",1
3115,application,fmsite,count,1,"",1
3116,application,fmsite,create,1,"",1
3117,application,fmsite,update,1,"",1
3118,application,fmsite,delete,1,"",1
3119,application,fmtype,find,1,"",1
3120,application,fmtype,findone,1,"",1
3121,application,fmtype,count,1,"",1
3122,application,fmtype,create,1,"",1
3123,application,fmtype,update,1,"",1
3124,application,fmtype,delete,1,"",1
3125,application,gbmessage,find,1,"",1
3126,application,gbmessage,findone,1,"",1
3127,application,gbmessage,count,1,"",1
3128,application,gbmessage,create,1,"",1
3129,application,gbmessage,update,1,"",1
3130,application,gbmessage,delete,1,"",1
3131,application,gbreport,find,1,"",1
3132,application,gbreport,findone,1,"",1
3133,application,gbreport,count,1,"",1
3134,application,gbreport,create,1,"",1
3135,application,gbreport,update,1,"",1
3136,application,gbreport,delete,1,"",1
3137,application,gbsite,find,1,"",1
3138,application,gbsite,findone,1,"",1
3139,application,gbsite,count,1,"",1
3140,application,gbsite,create,1,"",1
3141,application,gbsite,update,1,"",1
3142,application,gbsite,delete,1,"",1
3143,application,genlog,find,1,"",1
3144,application,genlog,findone,1,"",1
3145,application,genlog,count,1,"",1
3146,application,genlog,create,1,"",1
3147,application,genlog,update,1,"",1
3148,application,genlog,delete,1,"",1
3149,application,genreport,find,1,"",1
3150,application,genreport,findone,1,"",1
3151,application,genreport,count,1,"",1
3152,application,genreport,create,1,"",1
3153,application,genreport,update,1,"",1
3154,application,genreport,delete,1,"",1
3155,application,gensite,find,1,"",1
3156,application,gensite,findone,1,"",1
3157,application,gensite,count,1,"",1
3158,application,gensite,create,1,"",1
3159,application,gensite,update,1,"",1
3160,application,gensite,delete,1,"",1
3161,application,gractivegroup,find,1,"",1
3162,application,gractivegroup,findone,1,"",1
3163,application,gractivegroup,count,1,"",1
3164,application,gractivegroup,create,1,"",1
3165,application,gractivegroup,update,1,"",1
3166,application,gractivegroup,delete,1,"",1
3167,application,gractiveobelisk,find,1,"",1
3168,application,gractiveobelisk,findone,1,"",1
3169,application,gractiveobelisk,count,1,"",1
3170,application,gractiveobelisk,create,1,"",1
3171,application,gractiveobelisk,update,1,"",1
3172,application,gractiveobelisk,delete,1,"",1
3173,application,grartifact,find,1,"",1
3174,application,grartifact,findone,1,"",1
3175,application,grartifact,count,1,"",1
3176,application,grartifact,create,1,"",1
3177,application,grartifact,update,1,"",1
3178,application,grartifact,delete,1,"",1
3179,application,grcodexcategory,find,1,"",1
3180,application,grcodexcategory,findone,1,"",1
3181,application,grcodexcategory,count,1,"",1
3182,application,grcodexcategory,create,1,"",1
3183,application,grcodexcategory,update,1,"",1
3184,application,grcodexcategory,delete,1,"",1
3185,application,grcodexdata,find,1,"",1
3186,application,grcodexdata,findone,1,"",1
3187,application,grcodexdata,count,1,"",1
3188,application,grcodexdata,create,1,"",1
3189,application,grcodexdata,update,1,"",1
3190,application,grcodexdata,delete,1,"",1
3191,application,grobelisk,find,1,"",1
3192,application,grobelisk,findone,1,"",1
3193,application,grobelisk,count,1,"",1
3194,application,grobelisk,create,1,"",1
3195,application,grobelisk,update,1,"",1
3196,application,grobelisk,delete,1,"",1
3197,application,grobeliskgroup,find,1,"",1
3198,application,grobeliskgroup,findone,1,"",1
3199,application,grobeliskgroup,count,1,"",1
3200,application,grobeliskgroup,create,1,"",1
3201,application,grobeliskgroup,update,1,"",1
3202,application,grobeliskgroup,delete,1,"",1
3203,application,grobeliskreport,find,1,"",1
3204,application,grobeliskreport,findone,1,"",1
3205,application,grobeliskreport,count,1,"",1
3206,application,grobeliskreport,create,1,"",1
3207,application,grobeliskreport,update,1,"",1
3208,application,grobeliskreport,delete,1,"",1
3209,application,grreport,find,1,"",1
3210,application,grreport,findone,1,"",1
3211,application,grreport,count,1,"",1
3212,application,grreport,create,1,"",1
3213,application,grreport,update,1,"",1
3214,application,grreport,delete,1,"",1
3215,application,grsite,find,1,"",1
3216,application,grsite,findone,1,"",1
3217,application,grsite,count,1,"",1
3218,application,grsite,create,1,"",1
3219,application,grsite,update,1,"",1
3220,application,grsite,delete,1,"",1
3221,application,grtype,find,1,"",1
3222,application,grtype,findone,1,"",1
3223,application,grtype,count,1,"",1
3224,application,grtype,create,1,"",1
3225,application,grtype,update,1,"",1
3226,application,grtype,delete,1,"",1
3227,application,gsactivegroup,find,1,"",1
3228,application,gsactivegroup,findone,1,"",1
3229,application,gsactivegroup,count,1,"",1
3230,application,gsactivegroup,create,1,"",1
3231,application,gsactivegroup,update,1,"",1
3232,application,gsactivegroup,delete,1,"",1
3233,application,gsactiveobelisk,find,1,"",1
3234,application,gsactiveobelisk,findone,1,"",1
3235,application,gsactiveobelisk,count,1,"",1
3236,application,gsactiveobelisk,create,1,"",1
3237,application,gsactiveobelisk,update,1,"",1
3238,application,gsactiveobelisk,delete,1,"",1
3239,application,gsartifact,find,1,"",1
3240,application,gsartifact,findone,1,"",1
3241,application,gsartifact,count,1,"",1
3242,application,gsartifact,create,1,"",1
3243,application,gsartifact,update,1,"",1
3244,application,gsartifact,delete,1,"",1
3245,application,gscodexcategory,find,1,"",1
3246,application,gscodexcategory,findone,1,"",1
3247,application,gscodexcategory,count,1,"",1
3248,application,gscodexcategory,create,1,"",1
3249,application,gscodexcategory,update,1,"",1
3250,application,gscodexcategory,delete,1,"",1
3251,application,gscodexdata,find,1,"",1
3252,application,gscodexdata,findone,1,"",1
3253,application,gscodexdata,count,1,"",1
3254,application,gscodexdata,create,1,"",1
3255,application,gscodexdata,update,1,"",1
3256,application,gscodexdata,delete,1,"",1
3257,application,gsobelisk,find,1,"",1
3258,application,gsobelisk,findone,1,"",1
3259,application,gsobelisk,count,1,"",1
3260,application,gsobelisk,create,1,"",1
3261,application,gsobelisk,update,1,"",1
3262,application,gsobelisk,delete,1,"",1
3263,application,gsobeliskgroup,find,1,"",1
3264,application,gsobeliskgroup,findone,1,"",1
3265,application,gsobeliskgroup,count,1,"",1
3266,application,gsobeliskgroup,create,1,"",1
3267,application,gsobeliskgroup,update,1,"",1
3268,application,gsobeliskgroup,delete,1,"",1
3269,application,gsobeliskreport,find,1,"",1
3270,application,gsobeliskreport,findone,1,"",1
3271,application,gsobeliskreport,count,1,"",1
3272,application,gsobeliskreport,create,1,"",1
3273,application,gsobeliskreport,update,1,"",1
3274,application,gsobeliskreport,delete,1,"",1
3275,application,gsreport,find,1,"",1
3276,application,gsreport,findone,1,"",1
3277,application,gsreport,count,1,"",1
3278,application,gsreport,create,1,"",1
3279,application,gsreport,update,1,"",1
3280,application,gsreport,delete,1,"",1
3281,application,gssite,find,1,"",1
3282,application,gssite,findone,1,"",1
3283,application,gssite,count,1,"",1
3284,application,gssite,create,1,"",1
3285,application,gssite,update,1,"",1
3286,application,gssite,delete,1,"",1
3287,application,gstype,find,1,"",1
3288,application,gstype,findone,1,"",1
3289,application,gstype,count,1,"",1
3290,application,gstype,create,1,"",1
3291,application,gstype,update,1,"",1
3292,application,gstype,delete,1,"",1
3293,application,gvreport,find,1,"",1
3294,application,gvreport,findone,1,"",1
3295,application,gvreport,count,1,"",1
3296,application,gvreport,create,1,"",1
3297,application,gvreport,update,1,"",1
3298,application,gvreport,delete,1,"",1
3299,application,gvsite,find,1,"",1
3300,application,gvsite,findone,1,"",1
3301,application,gvsite,count,1,"",1
3302,application,gvsite,create,1,"",1
3303,application,gvsite,update,1,"",1
3304,application,gvsite,delete,1,"",1
3305,application,gvtype,find,1,"",1
3306,application,gvtype,findone,1,"",1
3307,application,gvtype,count,1,"",1
3308,application,gvtype,create,1,"",1
3309,application,gvtype,update,1,"",1
3310,application,gvtype,delete,1,"",1
3311,application,gyreport,find,1,"",1
3312,application,gyreport,findone,1,"",1
3313,application,gyreport,count,1,"",1
3314,application,gyreport,create,1,"",1
3315,application,gyreport,update,1,"",1
3316,application,gyreport,delete,1,"",1
3317,application,gysite,find,1,"",1
3318,application,gysite,findone,1,"",1
3319,application,gysite,count,1,"",1
3320,application,gysite,create,1,"",1
3321,application,gysite,update,1,"",1
3322,application,gysite,delete,1,"",1
3323,application,gytype,find,1,"",1
3324,application,gytype,findone,1,"",1
3325,application,gytype,count,1,"",1
3326,application,gytype,create,1,"",1
3327,application,gytype,update,1,"",1
3328,application,gytype,delete,1,"",1
3329,application,hdreport,find,1,"",1
3330,application,hdreport,findone,1,"",1
3331,application,hdreport,count,1,"",1
3332,application,hdreport,create,1,"",1
3333,application,hdreport,update,1,"",1
3334,application,hdreport,delete,1,"",1
3335,application,hdsite,find,1,"",1
3336,application,hdsite,findone,1,"",1
3337,application,hdsite,count,1,"",1
3338,application,hdsite,create,1,"",1
3339,application,hdsite,update,1,"",1
3340,application,hdsite,delete,1,"",1
3341,application,info,info,1,"",1
3342,application,info,version,1,"",1
3343,application,killreport,find,1,"",1
3344,application,killreport,findone,1,"",1
3345,application,killreport,count,1,"",1
3346,application,killreport,create,1,"",1
3347,application,killreport,update,1,"",1
3348,application,killreport,delete,1,"",1
3349,application,lcfssreport,delete,1,"",1
3350,application,lsreport,find,1,"",1
3351,application,lsreport,findone,1,"",1
3352,application,lsreport,count,1,"",1
3353,application,lsreport,create,1,"",1
3354,application,lsreport,update,1,"",1
3355,application,lsreport,delete,1,"",1
3356,application,lssite,find,1,"",1
3357,application,lssite,findone,1,"",1
3358,application,lssite,count,1,"",1
3359,application,lssite,create,1,"",1
3360,application,lssite,update,1,"",1
3361,application,lssite,delete,1,"",1
3362,application,lstype,find,1,"",1
3363,application,lstype,findone,1,"",1
3364,application,lstype,count,1,"",1
3365,application,lstype,create,1,"",1
3366,application,lstype,update,1,"",1
3367,application,lstype,delete,1,"",1
3368,application,materialreport,delete,1,"",1
3369,application,nhssreport,find,1,"",1
3370,application,nhssreport,findone,1,"",1
3371,application,nhssreport,count,1,"",1
3372,application,nhssreport,create,1,"",1
3373,application,nhssreport,update,1,"",1
3374,application,nhssreport,delete,1,"",1
3375,application,nhsssite,find,1,"",1
3376,application,nhsssite,findone,1,"",1
3377,application,nhsssite,count,1,"",1
3378,application,nhsssite,create,1,"",1
3379,application,nhsssite,update,1,"",1
3380,application,nhsssite,delete,1,"",1
3381,application,pointofinterest,delete,1,"",1
3382,application,region,count,1,"",1
3383,application,region,delete,1,"",1
3384,application,reportcodex,delete,1,"",1
3385,application,reportevent,find,1,"",1
3386,application,reportevent,findone,1,"",1
3387,application,reportevent,count,1,"",1
3388,application,reportevent,create,1,"",1
3389,application,reportevent,update,1,"",1
3390,application,reportevent,delete,1,"",1
3391,application,reportfss,find,1,"",1
3392,application,reportfss,delete,1,"",1
3393,application,reporttype,delete,1,"",1
3394,application,ring,delete,1,"",1
3395,application,system,delete,1,"",1
3396,application,tbcycle,delete,1,"",1
3397,application,tbreport,delete,1,"",1
3398,application,tbsite,delete,1,"",1
3399,application,tbtype,delete,1,"",1
3400,application,tsreport,delete,1,"",1
3401,application,tssite,delete,1,"",1
3402,application,tsstatus,delete,1,"",1
3403,application,twreport,find,1,"",1
3404,application,twreport,findone,1,"",1
3405,application,twreport,delete,1,"",1
3406,application,twsite,delete,1,"",1
3407,application,twtype,delete,1,"",1
3408,application,alert,delete,0,"",2
3409,application,apiupdate,find,0,"",2
3410,application,apiupdate,findone,0,"",2
3411,application,apiupdate,count,0,"",2
3412,application,apiupdate,create,0,"",2
3413,application,apiupdate,update,0,"",2
3414,application,apiupdate,delete,0,"",2
3415,application,apreport,delete,0,"",2
3416,application,apsite,delete,0,"",2
3417,application,aptype,delete,0,"",2
3418,application,axczfssreport,delete,0,"",2
3419,application,bmreport,find,0,"",2
3420,application,bmreport,findone,0,"",2
3421,application,bmreport,count,0,"",2
3422,application,bmreport,create,0,"",2
3423,application,bmreport,update,0,"",2
3424,application,bmreport,delete,0,"",2
3425,application,bmsite,find,0,"",2
3426,application,bmsite,findone,0,"",2
3427,application,bmsite,count,0,"",2
3428,application,bmsite,create,0,"",2
3429,application,bmsite,update,0,"",2
3430,application,bmsite,delete,0,"",2
3431,application,bmtype,delete,0,"",2
3432,application,body,find,0,"",2
3433,application,body,findone,0,"",2
3434,application,body,count,0,"",2
3435,application,body,create,0,"",2
3436,application,body,update,0,"",2
3437,application,body,delete,0,"",2
3438,application,btreport,find,0,"",2
3439,application,btreport,findone,0,"",2
3440,application,btreport,count,0,"",2
3441,application,btreport,create,0,"",2
3442,application,btreport,update,0,"",2
3443,application,btreport,delete,0,"",2
3444,application,btsite,find,0,"",2
3445,application,btsite,findone,0,"",2
3446,application,btsite,count,0,"",2
3447,application,btsite,create,0,"",2
3448,application,btsite,update,0,"",2
3449,application,btsite,delete,0,"",2
3450,application,bttype,find,0,"",2
3451,application,bttype,findone,0,"",2
3452,application,bttype,count,0,"",2
3453,application,bttype,create,0,"",2
3454,application,bttype,update,0,"",2
3455,application,bttype,delete,0,"",2
3456,application,clientreport,delete,0,"",2
3457,application,clientroute,delete,0,"",2
3458,application,cmdr,find,0,"",2
3459,application,cmdr,findone,0,"",2
3460,application,cmdr,count,0,"",2
3461,application,cmdr,create,0,"",2
3462,application,cmdr,update,0,"",2
3463,application,cmdr,delete,0,"",2
3464,application,cmdrkill,find,0,"",2
3465,application,cmdrkill,findone,0,"",2
3466,application,cmdrkill,count,0,"",2
3467,application,cmdrkill,create,0,"",2
3468,application,cmdrkill,update,0,"",2
3469,application,cmdrkill,delete,0,"",2
3470,application,csreport,find,0,"",2
3471,application,csreport,findone,0,"",2
3472,application,csreport,count,0,"",2
3473,application,csreport,create,0,"",2
3474,application,csreport,update,0,"",2
3475,application,csreport,delete,0,"",2
3476,application,cssite,find,0,"",2
3477,application,cssite,findone,0,"",2
3478,application,cssite,count,0,"",2
3479,application,cssite,create,0,"",2
3480,application,cssite,update,0,"",2
3481,application,cssite,delete,0,"",2
3482,application,cstype,delete,0,"",2
3483,application,excludeclient,find,0,"",2
3484,application,excludeclient,findone,0,"",2
3485,application,excludeclient,count,0,"",2
3486,application,excludeclient,create,0,"",2
3487,application,excludeclient,update,0,"",2
3488,application,excludeclient,delete,0,"",2
3489,application,excludecmdr,find,0,"",2
3490,application,excludecmdr,findone,0,"",2
3491,application,excludecmdr,count,0,"",2
3492,application,excludecmdr,create,0,"",2
3493,application,excludecmdr,update,0,"",2
3494,application,excludecmdr,delete,0,"",2
3495,application,excludecodex,find,0,"",2
3496,application,excludecodex,findone,0,"",2
3497,application,excludecodex,count,0,"",2
3498,application,excludecodex,create,0,"",2
3499,application,excludecodex,update,0,"",2
3500,application,excludecodex,delete,0,"",2
3501,application,excludeevent,find,0,"",2
3502,application,excludeevent,findone,0,"",2
3503,application,excludeevent,count,0,"",2
3504,application,excludeevent,create,0,"",2
3505,application,excludeevent,update,0,"",2
3506,application,excludeevent,delete,0,"",2
3507,application,excludefss,delete,0,"",2
3508,application,excludeuss,find,0,"",2
3509,application,excludeuss,findone,0,"",2
3510,application,excludeuss,count,0,"",2
3511,application,excludeuss,create,0,"",2
3512,application,excludeuss,update,0,"",2
3513,application,excludeuss,delete,0,"",2
3514,application,fgreport,find,0,"",2
3515,application,fgreport,findone,0,"",2
3516,application,fgreport,count,0,"",2
3517,application,fgreport,create,0,"",2
3518,application,fgreport,update,0,"",2
3519,application,fgreport,delete,0,"",2
3520,application,fgsite,find,0,"",2
3521,application,fgsite,findone,0,"",2
3522,application,fgsite,count,0,"",2
3523,application,fgsite,create,0,"",2
3524,application,fgsite,update,0,"",2
3525,application,fgsite,delete,0,"",2
3526,application,fgtype,find,0,"",2
3527,application,fgtype,findone,0,"",2
3528,application,fgtype,count,0,"",2
3529,application,fgtype,create,0,"",2
3530,application,fgtype,update,0,"",2
3531,application,fgtype,delete,0,"",2
3532,application,fmreport,find,0,"",2
3533,application,fmreport,findone,0,"",2
3534,application,fmreport,count,0,"",2
3535,application,fmreport,create,0,"",2
3536,application,fmreport,update,0,"",2
3537,application,fmreport,delete,0,"",2
3538,application,fmsite,find,0,"",2
3539,application,fmsite,findone,0,"",2
3540,application,fmsite,count,0,"",2
3541,application,fmsite,create,0,"",2
3542,application,fmsite,update,0,"",2
3543,application,fmsite,delete,0,"",2
3544,application,fmtype,find,0,"",2
3545,application,fmtype,findone,0,"",2
3546,application,fmtype,count,0,"",2
3547,application,fmtype,create,0,"",2
3548,application,fmtype,update,0,"",2
3549,application,fmtype,delete,0,"",2
3550,application,gbmessage,find,0,"",2
3551,application,gbmessage,findone,0,"",2
3552,application,gbmessage,count,0,"",2
3553,application,gbmessage,create,0,"",2
3554,application,gbmessage,update,0,"",2
3555,application,gbmessage,delete,0,"",2
3556,application,gbreport,find,0,"",2
3557,application,gbreport,findone,0,"",2
3558,application,gbreport,count,0,"",2
3559,application,gbreport,create,0,"",2
3560,application,gbreport,update,0,"",2
3561,application,gbreport,delete,0,"",2
3562,application,gbsite,find,0,"",2
3563,application,gbsite,findone,0,"",2
3564,application,gbsite,count,0,"",2
3565,application,gbsite,create,0,"",2
3566,application,gbsite,update,0,"",2
3567,application,gbsite,delete,0,"",2
3568,application,genlog,find,0,"",2
3569,application,genlog,findone,0,"",2
3570,application,genlog,count,0,"",2
3571,application,genlog,create,0,"",2
3572,application,genlog,update,0,"",2
3573,application,genlog,delete,0,"",2
3574,application,genreport,find,0,"",2
3575,application,genreport,findone,0,"",2
3576,application,genreport,count,0,"",2
3577,application,genreport,create,0,"",2
3578,application,genreport,update,0,"",2
3579,application,genreport,delete,0,"",2
3580,application,gensite,find,0,"",2
3581,application,gensite,findone,0,"",2
3582,application,gensite,count,0,"",2
3583,application,gensite,create,0,"",2
3584,application,gensite,update,0,"",2
3585,application,gensite,delete,0,"",2
3586,application,gractivegroup,find,0,"",2
3587,application,gractivegroup,findone,0,"",2
3588,application,gractivegroup,count,0,"",2
3589,application,gractivegroup,create,0,"",2
3590,application,gractivegroup,update,0,"",2
3591,application,gractivegroup,delete,0,"",2
3592,application,gractiveobelisk,find,0,"",2
3593,application,gractiveobelisk,findone,0,"",2
3594,application,gractiveobelisk,count,0,"",2
3595,application,gractiveobelisk,create,0,"",2
3596,application,gractiveobelisk,update,0,"",2
3597,application,gractiveobelisk,delete,0,"",2
3598,application,grartifact,find,0,"",2
3599,application,grartifact,findone,0,"",2
3600,application,grartifact,count,0,"",2
3601,application,grartifact,create,0,"",2
3602,application,grartifact,update,0,"",2
3603,application,grartifact,delete,0,"",2
3604,application,grcodexcategory,find,0,"",2
3605,application,grcodexcategory,findone,0,"",2
3606,application,grcodexcategory,count,0,"",2
3607,application,grcodexcategory,create,0,"",2
3608,application,grcodexcategory,update,0,"",2
3609,application,grcodexcategory,delete,0,"",2
3610,application,grcodexdata,find,0,"",2
3611,application,grcodexdata,findone,0,"",2
3612,application,grcodexdata,count,0,"",2
3613,application,grcodexdata,create,0,"",2
3614,application,grcodexdata,update,0,"",2
3615,application,grcodexdata,delete,0,"",2
3616,application,grobelisk,find,0,"",2
3617,application,grobelisk,findone,0,"",2
3618,application,grobelisk,count,0,"",2
3619,application,grobelisk,create,0,"",2
3620,application,grobelisk,update,0,"",2
3621,application,grobelisk,delete,0,"",2
3622,application,grobeliskgroup,find,0,"",2
3623,application,grobeliskgroup,findone,0,"",2
3624,application,grobeliskgroup,count,0,"",2
3625,application,grobeliskgroup,create,0,"",2
3626,application,grobeliskgroup,update,0,"",2
3627,application,grobeliskgroup,delete,0,"",2
3628,application,grobeliskreport,find,0,"",2
3629,application,grobeliskreport,findone,0,"",2
3630,application,grobeliskreport,count,0,"",2
3631,application,grobeliskreport,create,0,"",2
3632,application,grobeliskreport,update,0,"",2
3633,application,grobeliskreport,delete,0,"",2
3634,application,grreport,find,0,"",2
3635,application,grreport,findone,0,"",2
3636,application,grreport,count,0,"",2
3637,application,grreport,create,0,"",2
3638,application,grreport,update,0,"",2
3639,application,grreport,delete,0,"",2
3640,application,grsite,find,0,"",2
3641,application,grsite,findone,0,"",2
3642,application,grsite,count,0,"",2
3643,application,grsite,create,0,"",2
3644,application,grsite,update,0,"",2
3645,application,grsite,delete,0,"",2
3646,application,grtype,find,0,"",2
3647,application,grtype,findone,0,"",2
3648,application,grtype,count,0,"",2
3649,application,grtype,create,0,"",2
3650,application,grtype,update,0,"",2
3651,application,grtype,delete,0,"",2
3652,application,gsactivegroup,find,0,"",2
3653,application,gsactivegroup,findone,0,"",2
3654,application,gsactivegroup,count,0,"",2
3655,application,gsactivegroup,create,0,"",2
3656,application,gsactivegroup,update,0,"",2
3657,application,gsactivegroup,delete,0,"",2
3658,application,gsactiveobelisk,find,0,"",2
3659,application,gsactiveobelisk,findone,0,"",2
3660,application,gsactiveobelisk,count,0,"",2
3661,application,gsactiveobelisk,create,0,"",2
3662,application,gsactiveobelisk,update,0,"",2
3663,application,gsactiveobelisk,delete,0,"",2
3664,application,gsartifact,find,0,"",2
3665,application,gsartifact,findone,0,"",2
3666,application,gsartifact,count,0,"",2
3667,application,gsartifact,create,0,"",2
3668,application,gsartifact,update,0,"",2
3669,application,gsartifact,delete,0,"",2
3670,application,gscodexcategory,find,0,"",2
3671,application,gscodexcategory,findone,0,"",2
3672,application,gscodexcategory,count,0,"",2
3673,application,gscodexcategory,create,0,"",2
3674,application,gscodexcategory,update,0,"",2
3675,application,gscodexcategory,delete,0,"",2
3676,application,gscodexdata,find,0,"",2
3677,application,gscodexdata,findone,0,"",2
3678,application,gscodexdata,count,0,"",2
3679,application,gscodexdata,create,0,"",2
3680,application,gscodexdata,update,0,"",2
3681,application,gscodexdata,delete,0,"",2
3682,application,gsobelisk,find,0,"",2
3683,application,gsobelisk,findone,0,"",2
3684,application,gsobelisk,count,0,"",2
3685,application,gsobelisk,create,0,"",2
3686,application,gsobelisk,update,0,"",2
3687,application,gsobelisk,delete,0,"",2
3688,application,gsobeliskgroup,find,0,"",2
3689,application,gsobeliskgroup,findone,0,"",2
3690,application,gsobeliskgroup,count,0,"",2
3691,application,gsobeliskgroup,create,0,"",2
3692,application,gsobeliskgroup,update,0,"",2
3693,application,gsobeliskgroup,delete,0,"",2
3694,application,gsobeliskreport,find,0,"",2
3695,application,gsobeliskreport,findone,0,"",2
3696,application,gsobeliskreport,count,0,"",2
3697,application,gsobeliskreport,create,0,"",2
3698,application,gsobeliskreport,update,0,"",2
3699,application,gsobeliskreport,delete,0,"",2
3700,application,gsreport,find,0,"",2
3701,application,gsreport,findone,0,"",2
3702,application,gsreport,count,0,"",2
3703,application,gsreport,create,0,"",2
3704,application,gsreport,update,0,"",2
3705,application,gsreport,delete,0,"",2
3706,application,gssite,find,0,"",2
3707,application,gssite,findone,0,"",2
3708,application,gssite,count,0,"",2
3709,application,gssite,create,0,"",2
3710,application,gssite,update,0,"",2
3711,application,gssite,delete,0,"",2
3712,application,gstype,find,0,"",2
3713,application,gstype,findone,0,"",2
3714,application,gstype,count,0,"",2
3715,application,gstype,create,0,"",2
3716,application,gstype,update,0,"",2
3717,application,gstype,delete,0,"",2
3718,application,gvreport,find,0,"",2
3719,application,gvreport,findone,0,"",2
3720,application,gvreport,count,0,"",2
3721,application,gvreport,create,0,"",2
3722,application,gvreport,update,0,"",2
3723,application,gvreport,delete,0,"",2
3724,application,gvsite,find,0,"",2
3725,application,gvsite,findone,0,"",2
3726,application,gvsite,count,0,"",2
3727,application,gvsite,create,0,"",2
3728,application,gvsite,update,0,"",2
3729,application,gvsite,delete,0,"",2
3730,application,gvtype,find,0,"",2
3731,application,gvtype,findone,0,"",2
3732,application,gvtype,count,0,"",2
3733,application,gvtype,create,0,"",2
3734,application,gvtype,update,0,"",2
3735,application,gvtype,delete,0,"",2
3736,application,gyreport,find,0,"",2
3737,application,gyreport,findone,0,"",2
3738,application,gyreport,count,0,"",2
3739,application,gyreport,create,0,"",2
3740,application,gyreport,update,0,"",2
3741,application,gyreport,delete,0,"",2
3742,application,gysite,find,0,"",2
3743,application,gysite,findone,0,"",2
3744,application,gysite,count,0,"",2
3745,application,gysite,create,0,"",2
3746,application,gysite,update,0,"",2
3747,application,gysite,delete,0,"",2
3748,application,gytype,find,0,"",2
3749,application,gytype,findone,0,"",2
3750,application,gytype,count,0,"",2
3751,application,gytype,create,0,"",2
3752,application,gytype,update,0,"",2
3753,application,gytype,delete,0,"",2
3754,application,hdreport,find,0,"",2
3755,application,hdreport,findone,0,"",2
3756,application,hdreport,count,0,"",2
3757,application,hdreport,create,0,"",2
3758,application,hdreport,update,0,"",2
3759,application,hdreport,delete,0,"",2
3760,application,hdsite,find,0,"",2
3761,application,hdsite,findone,0,"",2
3762,application,hdsite,count,0,"",2
3763,application,hdsite,create,0,"",2
3764,application,hdsite,update,0,"",2
3765,application,hdsite,delete,0,"",2
3766,application,info,info,0,"",2
3767,application,info,version,0,"",2
3768,application,killreport,find,0,"",2
3769,application,killreport,findone,0,"",2
3770,application,killreport,count,0,"",2
3771,application,killreport,create,0,"",2
3772,application,killreport,update,0,"",2
3773,application,killreport,delete,0,"",2
3774,application,lcfssreport,delete,0,"",2
3775,application,lsreport,find,0,"",2
3776,application,lsreport,findone,0,"",2
3777,application,lsreport,count,0,"",2
3778,application,lsreport,create,0,"",2
3779,application,lsreport,update,0,"",2
3780,application,lsreport,delete,0,"",2
3781,application,lssite,find,0,"",2
3782,application,lssite,findone,0,"",2
3783,application,lssite,count,0,"",2
3784,application,lssite,create,0,"",2
3785,application,lssite,update,0,"",2
3786,application,lssite,delete,0,"",2
3787,application,lstype,find,0,"",2
3788,application,lstype,findone,0,"",2
3789,application,lstype,count,0,"",2
3790,application,lstype,create,0,"",2
3791,application,lstype,update,0,"",2
3792,application,lstype,delete,0,"",2
3793,application,materialreport,delete,0,"",2
3794,application,nhssreport,find,0,"",2
3795,application,nhssreport,findone,0,"",2
3796,application,nhssreport,count,0,"",2
3797,application,nhssreport,create,0,"",2
3798,application,nhssreport,update,0,"",2
3799,application,nhssreport,delete,0,"",2
3800,application,nhsssite,find,0,"",2
3801,application,nhsssite,findone,0,"",2
3802,application,nhsssite,count,0,"",2
3803,application,nhsssite,create,0,"",2
3804,application,nhsssite,update,0,"",2
3805,application,nhsssite,delete,0,"",2
3806,application,pointofinterest,delete,0,"",2
3807,application,region,count,0,"",2
3808,application,region,delete,0,"",2
3809,application,reportcodex,delete,0,"",2
3810,application,reportevent,find,0,"",2
3811,application,reportevent,findone,0,"",2
3812,application,reportevent,count,0,"",2
3813,application,reportevent,create,0,"",2
3814,application,reportevent,update,0,"",2
3815,application,reportevent,delete,0,"",2
3816,application,reportfss,find,0,"",2
3817,application,reportfss,delete,0,"",2
3818,application,reporttype,delete,0,"",2
3819,application,ring,delete,0,"",2
3820,application,system,delete,0,"",2
3821,application,tbcycle,delete,0,"",2
3822,application,tbreport,delete,0,"",2
3823,application,tbsite,delete,0,"",2
3824,application,tbtype,delete,0,"",2
3825,application,tsreport,delete,0,"",2
3826,application,tssite,delete,0,"",2
3827,application,tsstatus,delete,0,"",2
3828,application,twreport,find,0,"",2
3829,application,twreport,findone,0,"",2
3830,application,twreport,delete,0,"",2
3831,application,twsite,delete,0,"",2
3832,application,twtype,delete,0,"",2
3833,application,alert,delete,0,"",3
3834,application,apiupdate,find,0,"",3
3835,application,apiupdate,findone,0,"",3
3836,application,apiupdate,count,0,"",3
3837,application,apiupdate,create,0,"",3
3838,application,apiupdate,update,0,"",3
3839,application,apiupdate,delete,0,"",3
3840,application,apreport,delete,0,"",3
3841,application,apsite,delete,0,"",3
3842,application,aptype,delete,0,"",3
3843,application,axczfssreport,delete,0,"",3
3844,application,bmreport,find,0,"",3
3845,application,bmreport,findone,0,"",3
3846,application,bmreport,count,0,"",3
3847,application,bmreport,create,0,"",3
3848,application,bmreport,update,0,"",3
3849,application,bmreport,delete,0,"",3
3850,application,bmsite,find,0,"",3
3851,application,bmsite,findone,0,"",3
3852,application,bmsite,count,0,"",3
3853,application,bmsite,create,0,"",3
3854,application,bmsite,update,0,"",3
3855,application,bmsite,delete,0,"",3
3856,application,bmtype,delete,0,"",3
3857,application,body,find,0,"",3
3858,application,body,findone,0,"",3
3859,application,body,count,0,"",3
3860,application,body,create,0,"",3
3861,application,body,update,0,"",3
3862,application,body,delete,0,"",3
3863,application,btreport,find,0,"",3
3864,application,btreport,findone,0,"",3
3865,application,btreport,count,0,"",3
3866,application,btreport,create,0,"",3
3867,application,btreport,update,0,"",3
3868,application,btreport,delete,0,"",3
3869,application,btsite,find,0,"",3
3870,application,btsite,findone,0,"",3
3871,application,btsite,count,0,"",3
3872,application,btsite,create,0,"",3
3873,application,btsite,update,0,"",3
3874,application,btsite,delete,0,"",3
3875,application,bttype,find,0,"",3
3876,application,bttype,findone,0,"",3
3877,application,bttype,count,0,"",3
3878,application,bttype,create,0,"",3
3879,application,bttype,update,0,"",3
3880,application,bttype,delete,0,"",3
3881,application,clientreport,delete,0,"",3
3882,application,clientroute,delete,0,"",3
3883,application,cmdr,find,0,"",3
3884,application,cmdr,findone,0,"",3
3885,application,cmdr,count,0,"",3
3886,application,cmdr,create,0,"",3
3887,application,cmdr,update,0,"",3
3888,application,cmdr,delete,0,"",3
3889,application,cmdrkill,find,0,"",3
3890,application,cmdrkill,findone,0,"",3
3891,application,cmdrkill,count,0,"",3
3892,application,cmdrkill,create,0,"",3
3893,application,cmdrkill,update,0,"",3
3894,application,cmdrkill,delete,0,"",3
3895,application,csreport,find,0,"",3
3896,application,csreport,findone,0,"",3
3897,application,csreport,count,0,"",3
3898,application,csreport,create,0,"",3
3899,application,csreport,update,0,"",3
3900,application,csreport,delete,0,"",3
3901,application,cssite,find,0,"",3
3902,application,cssite,findone,0,"",3
3903,application,cssite,count,0,"",3
3904,application,cssite,create,0,"",3
3905,application,cssite,update,0,"",3
3906,application,cssite,delete,0,"",3
3907,application,cstype,delete,0,"",3
3908,application,excludeclient,find,0,"",3
3909,application,excludeclient,findone,0,"",3
3910,application,excludeclient,count,0,"",3
3911,application,excludeclient,create,0,"",3
3912,application,excludeclient,update,0,"",3
3913,application,excludeclient,delete,0,"",3
3914,application,excludecmdr,find,0,"",3
3915,application,excludecmdr,findone,0,"",3
3916,application,excludecmdr,count,0,"",3
3917,application,excludecmdr,create,0,"",3
3918,application,excludecmdr,update,0,"",3
3919,application,excludecmdr,delete,0,"",3
3920,application,excludecodex,find,0,"",3
3921,application,excludecodex,findone,0,"",3
3922,application,excludecodex,count,0,"",3
3923,application,excludecodex,create,0,"",3
3924,application,excludecodex,update,0,"",3
3925,application,excludecodex,delete,0,"",3
3926,application,excludeevent,find,0,"",3
3927,application,excludeevent,findone,0,"",3
3928,application,excludeevent,count,0,"",3
3929,application,excludeevent,create,0,"",3
3930,application,excludeevent,update,0,"",3
3931,application,excludeevent,delete,0,"",3
3932,application,excludefss,delete,0,"",3
3933,application,excludeuss,find,0,"",3
3934,application,excludeuss,findone,0,"",3
3935,application,excludeuss,count,0,"",3
3936,application,excludeuss,create,0,"",3
3937,application,excludeuss,update,0,"",3
3938,application,excludeuss,delete,0,"",3
3939,application,fgreport,find,0,"",3
3940,application,fgreport,findone,0,"",3
3941,application,fgreport,count,0,"",3
3942,application,fgreport,create,0,"",3
3943,application,fgreport,update,0,"",3
3944,application,fgreport,delete,0,"",3
3945,application,fgsite,find,0,"",3
3946,application,fgsite,findone,0,"",3
3947,application,fgsite,count,0,"",3
3948,application,fgsite,create,0,"",3
3949,application,fgsite,update,0,"",3
3950,application,fgsite,delete,0,"",3
3951,application,fgtype,find,0,"",3
3952,application,fgtype,findone,0,"",3
3953,application,fgtype,count,0,"",3
3954,application,fgtype,create,0,"",3
3955,application,fgtype,update,0,"",3
3956,application,fgtype,delete,0,"",3
3957,application,fmreport,find,0,"",3
3958,application,fmreport,findone,0,"",3
3959,application,fmreport,count,0,"",3
3960,application,fmreport,create,0,"",3
3961,application,fmreport,update,0,"",3
3962,application,fmreport,delete,0,"",3
3963,application,fmsite,find,0,"",3
3964,application,fmsite,findone,0,"",3
3965,application,fmsite,count,0,"",3
3966,application,fmsite,create,0,"",3
3967,application,fmsite,update,0,"",3
3968,application,fmsite,delete,0,"",3
3969,application,fmtype,find,0,"",3
3970,application,fmtype,findone,0,"",3
3971,application,fmtype,count,0,"",3
3972,application,fmtype,create,0,"",3
3973,application,fmtype,update,0,"",3
3974,application,fmtype,delete,0,"",3
3975,application,gbmessage,find,0,"",3
3976,application,gbmessage,findone,0,"",3
3977,application,gbmessage,count,0,"",3
3978,application,gbmessage,create,0,"",3
3979,application,gbmessage,update,0,"",3
3980,application,gbmessage,delete,0,"",3
3981,application,gbreport,find,0,"",3
3982,application,gbreport,findone,0,"",3
3983,application,gbreport,count,0,"",3
3984,application,gbreport,create,0,"",3
3985,application,gbreport,update,0,"",3
3986,application,gbreport,delete,0,"",3
3987,application,gbsite,find,0,"",3
3988,application,gbsite,findone,0,"",3
3989,application,gbsite,count,0,"",3
3990,application,gbsite,create,0,"",3
3991,application,gbsite,update,0,"",3
3992,application,gbsite,delete,0,"",3
3993,application,genlog,find,0,"",3
3994,application,genlog,findone,0,"",3
3995,application,genlog,count,0,"",3
3996,application,genlog,create,0,"",3
3997,application,genlog,update,0,"",3
3998,application,genlog,delete,0,"",3
3999,application,genreport,find,0,"",3
4000,application,genreport,findone,0,"",3
4001,application,genreport,count,0,"",3
4002,application,genreport,create,0,"",3
4003,application,genreport,update,0,"",3
4004,application,genreport,delete,0,"",3
4005,application,gensite,find,0,"",3
4006,application,gensite,findone,0,"",3
4007,application,gensite,count,0,"",3
4008,application,gensite,create,0,"",3
4009,application,gensite,update,0,"",3
4010,application,gensite,delete,0,"",3
4011,application,gractivegroup,find,0,"",3
4012,application,gractivegroup,findone,0,"",3
4013,application,gractivegroup,count,0,"",3
4014,application,gractivegroup,create,0,"",3
4015,application,gractivegroup,update,0,"",3
4016,application,gractivegroup,delete,0,"",3
4017,application,gractiveobelisk,find,0,"",3
4018,application,gractiveobelisk,findone,0,"",3
4019,application,gractiveobelisk,count,0,"",3
4020,application,gractiveobelisk,create,0,"",3
4021,application,gractiveobelisk,update,0,"",3
4022,application,gractiveobelisk,delete,0,"",3
4023,application,grartifact,find,0,"",3
4024,application,grartifact,findone,0,"",3
4025,application,grartifact,count,0,"",3
4026,application,grartifact,create,0,"",3
4027,application,grartifact,update,0,"",3
4028,application,grartifact,delete,0,"",3
4029,application,grcodexcategory,find,0,"",3
4030,application,grcodexcategory,findone,0,"",3
4031,application,grcodexcategory,count,0,"",3
4032,application,grcodexcategory,create,0,"",3
4033,application,grcodexcategory,update,0,"",3
4034,application,grcodexcategory,delete,0,"",3
4035,application,grcodexdata,find,0,"",3
4036,application,grcodexdata,findone,0,"",3
4037,application,grcodexdata,count,0,"",3
4038,application,grcodexdata,create,0,"",3
4039,application,grcodexdata,update,0,"",3
4040,application,grcodexdata,delete,0,"",3
4041,application,grobelisk,find,0,"",3
4042,application,grobelisk,findone,0,"",3
4043,application,grobelisk,count,0,"",3
4044,application,grobelisk,create,0,"",3
4045,application,grobelisk,update,0,"",3
4046,application,grobelisk,delete,0,"",3
4047,application,grobeliskgroup,find,0,"",3
4048,application,grobeliskgroup,findone,0,"",3
4049,application,grobeliskgroup,count,0,"",3
4050,application,grobeliskgroup,create,0,"",3
4051,application,grobeliskgroup,update,0,"",3
4052,application,grobeliskgroup,delete,0,"",3
4053,application,grobeliskreport,find,0,"",3
4054,application,grobeliskreport,findone,0,"",3
4055,application,grobeliskreport,count,0,"",3
4056,application,grobeliskreport,create,0,"",3
4057,application,grobeliskreport,update,0,"",3
4058,application,grobeliskreport,delete,0,"",3
4059,application,grreport,find,0,"",3
4060,application,grreport,findone,0,"",3
4061,application,grreport,count,0,"",3
4062,application,grreport,create,0,"",3
4063,application,grreport,update,0,"",3
4064,application,grreport,delete,0,"",3
4065,application,grsite,find,0,"",3
4066,application,grsite,findone,0,"",3
4067,application,grsite,count,0,"",3
4068,application,grsite,create,0,"",3
4069,application,grsite,update,0,"",3
4070,application,grsite,delete,0,"",3
4071,application,grtype,find,0,"",3
4072,application,grtype,findone,0,"",3
4073,application,grtype,count,0,"",3
4074,application,grtype,create,0,"",3
4075,application,grtype,update,0,"",3
4076,application,grtype,delete,0,"",3
4077,application,gsactivegroup,find,0,"",3
4078,application,gsactivegroup,findone,0,"",3
4079,application,gsactivegroup,count,0,"",3
4080,application,gsactivegroup,create,0,"",3
4081,application,gsactivegroup,update,0,"",3
4082,application,gsactivegroup,delete,0,"",3
4083,application,gsactiveobelisk,find,0,"",3
4084,application,gsactiveobelisk,findone,0,"",3
4085,application,gsactiveobelisk,count,0,"",3
4086,application,gsactiveobelisk,create,0,"",3
4087,application,gsactiveobelisk,update,0,"",3
4088,application,gsactiveobelisk,delete,0,"",3
4089,application,gsartifact,find,0,"",3
4090,application,gsartifact,findone,0,"",3
4091,application,gsartifact,count,0,"",3
4092,application,gsartifact,create,0,"",3
4093,application,gsartifact,update,0,"",3
4094,application,gsartifact,delete,0,"",3
4095,application,gscodexcategory,find,0,"",3
4096,application,gscodexcategory,findone,0,"",3
4097,application,gscodexcategory,count,0,"",3
4098,application,gscodexcategory,create,0,"",3
4099,application,gscodexcategory,update,0,"",3
4100,application,gscodexcategory,delete,0,"",3
4101,application,gscodexdata,find,0,"",3
4102,application,gscodexdata,findone,0,"",3
4103,application,gscodexdata,count,0,"",3
4104,application,gscodexdata,create,0,"",3
4105,application,gscodexdata,update,0,"",3
4106,application,gscodexdata,delete,0,"",3
4107,application,gsobelisk,find,0,"",3
4108,application,gsobelisk,findone,0,"",3
4109,application,gsobelisk,count,0,"",3
4110,application,gsobelisk,create,0,"",3
4111,application,gsobelisk,update,0,"",3
4112,application,gsobelisk,delete,0,"",3
4113,application,gsobeliskgroup,find,0,"",3
4114,application,gsobeliskgroup,findone,0,"",3
4115,application,gsobeliskgroup,count,0,"",3
4116,application,gsobeliskgroup,create,0,"",3
4117,application,gsobeliskgroup,update,0,"",3
4118,application,gsobeliskgroup,delete,0,"",3
4119,application,gsobeliskreport,find,0,"",3
4120,application,gsobeliskreport,findone,0,"",3
4121,application,gsobeliskreport,count,0,"",3
4122,application,gsobeliskreport,create,0,"",3
4123,application,gsobeliskreport,update,0,"",3
4124,application,gsobeliskreport,delete,0,"",3
4125,application,gsreport,find,0,"",3
4126,application,gsreport,findone,0,"",3
4127,application,gsreport,count,0,"",3
4128,application,gsreport,create,0,"",3
4129,application,gsreport,update,0,"",3
4130,application,gsreport,delete,0,"",3
4131,application,gssite,find,0,"",3
4132,application,gssite,findone,0,"",3
4133,application,gssite,count,0,"",3
4134,application,gssite,create,0,"",3
4135,application,gssite,update,0,"",3
4136,application,gssite,delete,0,"",3
4137,application,gstype,find,0,"",3
4138,application,gstype,findone,0,"",3
4139,application,gstype,count,0,"",3
4140,application,gstype,create,0,"",3
4141,application,gstype,update,0,"",3
4142,application,gstype,delete,0,"",3
4143,application,gvreport,find,0,"",3
4144,application,gvreport,findone,0,"",3
4145,application,gvreport,count,0,"",3
4146,application,gvreport,create,0,"",3
4147,application,gvreport,update,0,"",3
4148,application,gvreport,delete,0,"",3
4149,application,gvsite,find,0,"",3
4150,application,gvsite,findone,0,"",3
4151,application,gvsite,count,0,"",3
4152,application,gvsite,create,0,"",3
4153,application,gvsite,update,0,"",3
4154,application,gvsite,delete,0,"",3
4155,application,gvtype,find,0,"",3
4156,application,gvtype,findone,0,"",3
4157,application,gvtype,count,0,"",3
4158,application,gvtype,create,0,"",3
4159,application,gvtype,update,0,"",3
4160,application,gvtype,delete,0,"",3
4161,application,gyreport,find,0,"",3
4162,application,gyreport,findone,0,"",3
4163,application,gyreport,count,0,"",3
4164,application,gyreport,create,0,"",3
4165,application,gyreport,update,0,"",3
4166,application,gyreport,delete,0,"",3
4167,application,gysite,find,0,"",3
4168,application,gysite,findone,0,"",3
4169,application,gysite,count,0,"",3
4170,application,gysite,create,0,"",3
4171,application,gysite,update,0,"",3
4172,application,gysite,delete,0,"",3
4173,application,gytype,find,0,"",3
4174,application,gytype,findone,0,"",3
4175,application,gytype,count,0,"",3
4176,application,gytype,create,0,"",3
4177,application,gytype,update,0,"",3
4178,application,gytype,delete,0,"",3
4179,application,hdreport,find,0,"",3
4180,application,hdreport,findone,0,"",3
4181,application,hdreport,count,0,"",3
4182,application,hdreport,create,0,"",3
4183,application,hdreport,update,0,"",3
4184,application,hdreport,delete,0,"",3
4185,application,hdsite,find,0,"",3
4186,application,hdsite,findone,0,"",3
4187,application,hdsite,count,0,"",3
4188,application,hdsite,create,0,"",3
4189,application,hdsite,update,0,"",3
4190,application,hdsite,delete,0,"",3
4191,application,info,info,0,"",3
4192,application,info,version,0,"",3
4193,application,killreport,find,0,"",3
4194,application,killreport,findone,0,"",3
4195,application,killreport,count,0,"",3
4196,application,killreport,create,0,"",3
4197,application,killreport,update,0,"",3
4198,application,killreport,delete,0,"",3
4199,application,lcfssreport,delete,0,"",3
4200,application,lsreport,find,0,"",3
4201,application,lsreport,findone,0,"",3
4202,application,lsreport,count,0,"",3
4203,application,lsreport,create,0,"",3
4204,application,lsreport,update,0,"",3
4205,application,lsreport,delete,0,"",3
4206,application,lssite,find,0,"",3
4207,application,lssite,findone,0,"",3
4208,application,lssite,count,0,"",3
4209,application,lssite,create,0,"",3
4210,application,lssite,update,0,"",3
4211,application,lssite,delete,0,"",3
4212,application,lstype,find,0,"",3
4213,application,lstype,findone,0,"",3
4214,application,lstype,count,0,"",3
4215,application,lstype,create,0,"",3
4216,application,lstype,update,0,"",3
4217,application,lstype,delete,0,"",3
4218,application,materialreport,delete,0,"",3
4219,application,nhssreport,find,0,"",3
4220,application,nhssreport,findone,0,"",3
4221,application,nhssreport,count,0,"",3
4222,application,nhssreport,create,0,"",3
4223,application,nhssreport,update,0,"",3
4224,application,nhssreport,delete,0,"",3
4225,application,nhsssite,find,0,"",3
4226,application,nhsssite,findone,0,"",3
4227,application,nhsssite,count,0,"",3
4228,application,nhsssite,create,0,"",3
4229,application,nhsssite,update,0,"",3
4230,application,nhsssite,delete,0,"",3
4231,application,pointofinterest,delete,0,"",3
4232,application,region,count,0,"",3
4233,application,region,delete,0,"",3
4234,application,reportcodex,delete,0,"",3
4235,application,reportevent,find,0,"",3
4236,application,reportevent,findone,0,"",3
4237,application,reportevent,count,0,"",3
4238,application,reportevent,create,0,"",3
4239,application,reportevent,update,0,"",3
4240,application,reportevent,delete,0,"",3
4241,application,reportfss,find,0,"",3
4242,application,reportfss,delete,0,"",3
4243,application,reporttype,delete,0,"",3
4244,application,ring,delete,0,"",3
4245,application,system,delete,0,"",3
4246,application,tbcycle,delete,0,"",3
4247,application,tbreport,delete,0,"",3
4248,application,tbsite,delete,0,"",3
4249,application,tbtype,delete,0,"",3
4250,application,tsreport,delete,0,"",3
4251,application,tssite,delete,0,"",3
4252,application,tsstatus,delete,0,"",3
4253,application,twreport,find,0,"",3
4254,application,twreport,findone,0,"",3
4255,application,twreport,delete,0,"",3
4256,application,twsite,delete,0,"",3
4257,application,twtype,delete,0,"",3
