id,type,controller,action,enabled,policy,role
1,application,bmreport,count,1,,1
2,application,bmreport,count,1,,2
3,application,bmreport,count,1,,3
4,application,bmreport,create,1,,1
5,application,bmreport,create,1,,2
6,application,bmreport,create,1,,3
7,application,bmreport,createrelation,1,,1
8,application,bmreport,createrelation,0,,2
9,application,bmreport,createrelation,0,,3
10,application,bmreport,destroy,1,,1
11,application,bmreport,destroy,0,,2
12,application,bmreport,destroy,0,,3
13,application,bmreport,destroyrelation,1,,1
14,application,bmreport,destroyrelation,0,,2
15,application,bmreport,destroyrelation,0,,3
16,application,bmreport,find,1,,1
17,application,bmreport,find,1,,2
18,application,bmreport,find,1,,3
19,application,bmreport,findone,1,,1
20,application,bmreport,findone,1,,2
21,application,bmreport,findone,1,,3
22,application,bmreport,update,1,,1
23,application,bmreport,update,1,,2
24,application,bmreport,update,1,,3
25,application,bmreport,updaterelation,1,,1
26,application,bmreport,updaterelation,0,,2
27,application,bmreport,updaterelation,0,,3
28,application,bmsite,count,1,,1
29,application,bmsite,count,1,,2
30,application,bmsite,count,1,,3
31,application,bmsite,create,1,,1
32,application,bmsite,create,0,,2
33,application,bmsite,create,0,,3
34,application,bmsite,createrelation,1,,1
35,application,bmsite,createrelation,0,,2
36,application,bmsite,createrelation,0,,3
37,application,bmsite,destroy,1,,1
38,application,bmsite,destroy,0,,2
39,application,bmsite,destroy,0,,3
40,application,bmsite,destroyrelation,1,,1
41,application,bmsite,destroyrelation,0,,2
42,application,bmsite,destroyrelation,0,,3
43,application,bmsite,find,1,,1
44,application,bmsite,find,1,,2
45,application,bmsite,find,1,,3
46,application,bmsite,findone,1,,1
47,application,bmsite,findone,1,,2
48,application,bmsite,findone,1,,3
49,application,bmsite,update,1,,1
50,application,bmsite,update,0,,2
51,application,bmsite,update,0,,3
52,application,bmsite,updaterelation,1,,1
53,application,bmsite,updaterelation,0,,2
54,application,bmsite,updaterelation,0,,3
55,application,body,count,1,,1
56,application,body,count,1,,2
57,application,body,count,1,,3
58,application,body,create,1,,1
59,application,body,create,0,,2
60,application,body,create,0,,3
61,application,body,createrelation,1,,1
62,application,body,createrelation,0,,2
63,application,body,createrelation,0,,3
64,application,body,destroy,1,,1
65,application,body,destroy,0,,2
66,application,body,destroy,0,,3
67,application,body,destroyrelation,1,,1
68,application,body,destroyrelation,0,,2
69,application,body,destroyrelation,0,,3
70,application,body,find,1,,1
71,application,body,find,1,,2
72,application,body,find,1,,3
73,application,body,findone,1,,1
74,application,body,findone,1,,2
75,application,body,findone,1,,3
76,application,body,update,1,,1
77,application,body,update,0,,2
78,application,body,update,0,,3
79,application,body,updaterelation,1,,1
80,application,body,updaterelation,0,,2
81,application,body,updaterelation,0,,3
82,application,bodyatmosphere,count,1,,1
83,application,bodyatmosphere,count,1,,2
84,application,bodyatmosphere,count,1,,3
85,application,bodyatmosphere,create,1,,1
86,application,bodyatmosphere,create,0,,2
87,application,bodyatmosphere,create,0,,3
88,application,bodyatmosphere,createrelation,1,,1
89,application,bodyatmosphere,createrelation,0,,2
90,application,bodyatmosphere,createrelation,0,,3
91,application,bodyatmosphere,destroy,1,,1
92,application,bodyatmosphere,destroy,0,,2
93,application,bodyatmosphere,destroy,0,,3
94,application,bodyatmosphere,destroyrelation,1,,1
95,application,bodyatmosphere,destroyrelation,0,,2
96,application,bodyatmosphere,destroyrelation,0,,3
97,application,bodyatmosphere,find,1,,1
98,application,bodyatmosphere,find,1,,2
99,application,bodyatmosphere,find,1,,3
100,application,bodyatmosphere,findone,1,,1
101,application,bodyatmosphere,findone,1,,2
102,application,bodyatmosphere,findone,1,,3
103,application,bodyatmosphere,update,1,,1
104,application,bodyatmosphere,update,0,,2
105,application,bodyatmosphere,update,0,,3
106,application,bodyatmosphere,updaterelation,1,,1
107,application,bodyatmosphere,updaterelation,0,,2
108,application,bodyatmosphere,updaterelation,0,,3
109,application,bodymaterial,count,1,,1
110,application,bodymaterial,count,1,,2
111,application,bodymaterial,count,1,,3
112,application,bodymaterial,create,1,,1
113,application,bodymaterial,create,0,,2
114,application,bodymaterial,create,0,,3
115,application,bodymaterial,createrelation,1,,1
116,application,bodymaterial,createrelation,0,,2
117,application,bodymaterial,createrelation,0,,3
118,application,bodymaterial,destroy,1,,1
119,application,bodymaterial,destroy,0,,2
120,application,bodymaterial,destroy,0,,3
121,application,bodymaterial,destroyrelation,1,,1
122,application,bodymaterial,destroyrelation,0,,2
123,application,bodymaterial,destroyrelation,0,,3
124,application,bodymaterial,find,1,,1
125,application,bodymaterial,find,1,,2
126,application,bodymaterial,find,1,,3
127,application,bodymaterial,findone,1,,1
128,application,bodymaterial,findone,1,,2
129,application,bodymaterial,findone,1,,3
130,application,bodymaterial,update,1,,1
131,application,bodymaterial,update,0,,2
132,application,bodymaterial,update,0,,3
133,application,bodymaterial,updaterelation,1,,1
134,application,bodymaterial,updaterelation,0,,2
135,application,bodymaterial,updaterelation,0,,3
136,application,bodysubtype,count,1,,1
137,application,bodysubtype,count,1,,2
138,application,bodysubtype,count,1,,3
139,application,bodysubtype,create,1,,1
140,application,bodysubtype,create,0,,2
141,application,bodysubtype,create,0,,3
142,application,bodysubtype,createrelation,1,,1
143,application,bodysubtype,createrelation,0,,2
144,application,bodysubtype,createrelation,0,,3
145,application,bodysubtype,destroy,1,,1
146,application,bodysubtype,destroy,0,,2
147,application,bodysubtype,destroy,0,,3
148,application,bodysubtype,destroyrelation,1,,1
149,application,bodysubtype,destroyrelation,0,,2
150,application,bodysubtype,destroyrelation,0,,3
151,application,bodysubtype,find,1,,1
152,application,bodysubtype,find,1,,2
153,application,bodysubtype,find,1,,3
154,application,bodysubtype,findone,1,,1
155,application,bodysubtype,findone,1,,2
156,application,bodysubtype,findone,1,,3
157,application,bodysubtype,update,1,,1
158,application,bodysubtype,update,0,,2
159,application,bodysubtype,update,0,,3
160,application,bodysubtype,updaterelation,1,,1
161,application,bodysubtype,updaterelation,0,,2
162,application,bodysubtype,updaterelation,0,,3
163,application,bodytype,count,1,,1
164,application,bodytype,count,1,,2
165,application,bodytype,count,1,,3
166,application,bodytype,create,1,,1
167,application,bodytype,create,0,,2
168,application,bodytype,create,0,,3
169,application,bodytype,createrelation,1,,1
170,application,bodytype,createrelation,0,,2
171,application,bodytype,createrelation,0,,3
172,application,bodytype,destroy,1,,1
173,application,bodytype,destroy,0,,2
174,application,bodytype,destroy,0,,3
175,application,bodytype,destroyrelation,1,,1
176,application,bodytype,destroyrelation,0,,2
177,application,bodytype,destroyrelation,0,,3
178,application,bodytype,find,1,,1
179,application,bodytype,find,1,,2
180,application,bodytype,find,1,,3
181,application,bodytype,findone,1,,1
182,application,bodytype,findone,1,,2
183,application,bodytype,findone,1,,3
184,application,bodytype,update,1,,1
185,application,bodytype,update,0,,2
186,application,bodytype,update,0,,3
187,application,bodytype,updaterelation,1,,1
188,application,bodytype,updaterelation,0,,2
189,application,bodytype,updaterelation,0,,3
190,application,btreport,count,1,,1
191,application,btreport,count,1,,2
192,application,btreport,count,1,,3
193,application,btreport,create,1,,1
194,application,btreport,create,1,,2
195,application,btreport,create,1,,3
196,application,btreport,createrelation,1,,1
197,application,btreport,createrelation,0,,2
198,application,btreport,createrelation,0,,3
199,application,btreport,destroy,1,,1
200,application,btreport,destroy,0,,2
201,application,btreport,destroy,0,,3
202,application,btreport,destroyrelation,1,,1
203,application,btreport,destroyrelation,0,,2
204,application,btreport,destroyrelation,0,,3
205,application,btreport,find,1,,1
206,application,btreport,find,1,,2
207,application,btreport,find,1,,3
208,application,btreport,findone,1,,1
209,application,btreport,findone,1,,2
210,application,btreport,findone,1,,3
211,application,btreport,update,1,,1
212,application,btreport,update,1,,2
213,application,btreport,update,1,,3
214,application,btreport,updaterelation,1,,1
215,application,btreport,updaterelation,0,,2
216,application,btreport,updaterelation,0,,3
217,application,btsite,count,1,,1
218,application,btsite,count,1,,2
219,application,btsite,count,1,,3
220,application,btsite,create,1,,1
221,application,btsite,create,0,,2
222,application,btsite,create,0,,3
223,application,btsite,createrelation,1,,1
224,application,btsite,createrelation,0,,2
225,application,btsite,createrelation,0,,3
226,application,btsite,destroy,1,,1
227,application,btsite,destroy,0,,2
228,application,btsite,destroy,0,,3
229,application,btsite,destroyrelation,1,,1
230,application,btsite,destroyrelation,0,,2
231,application,btsite,destroyrelation,0,,3
232,application,btsite,find,1,,1
233,application,btsite,find,1,,2
234,application,btsite,find,1,,3
235,application,btsite,findone,1,,1
236,application,btsite,findone,1,,2
237,application,btsite,findone,1,,3
238,application,btsite,update,1,,1
239,application,btsite,update,0,,2
240,application,btsite,update,0,,3
241,application,btsite,updaterelation,1,,1
242,application,btsite,updaterelation,0,,2
243,application,btsite,updaterelation,0,,3
244,application,cmdr,count,1,,1
245,application,cmdr,count,1,,2
246,application,cmdr,count,1,,3
247,application,cmdr,create,1,,1
248,application,cmdr,create,0,,2
249,application,cmdr,create,0,,3
250,application,cmdr,createrelation,1,,1
251,application,cmdr,createrelation,0,,2
252,application,cmdr,createrelation,0,,3
253,application,cmdr,destroy,1,,1
254,application,cmdr,destroy,0,,2
255,application,cmdr,destroy,0,,3
256,application,cmdr,destroyrelation,1,,1
257,application,cmdr,destroyrelation,0,,2
258,application,cmdr,destroyrelation,0,,3
259,application,cmdr,find,1,,1
260,application,cmdr,find,1,,2
261,application,cmdr,find,1,,3
262,application,cmdr,findone,1,,1
263,application,cmdr,findone,1,,2
264,application,cmdr,findone,1,,3
265,application,cmdr,update,1,,1
266,application,cmdr,update,0,,2
267,application,cmdr,update,0,,3
268,application,cmdr,updaterelation,1,,1
269,application,cmdr,updaterelation,0,,2
270,application,cmdr,updaterelation,0,,3
271,application,fgreport,count,1,,1
272,application,fgreport,count,1,,2
273,application,fgreport,count,1,,3
274,application,fgreport,create,1,,1
275,application,fgreport,create,1,,2
276,application,fgreport,create,1,,3
277,application,fgreport,createrelation,1,,1
278,application,fgreport,createrelation,0,,2
279,application,fgreport,createrelation,0,,3
280,application,fgreport,destroy,1,,1
281,application,fgreport,destroy,0,,2
282,application,fgreport,destroy,0,,3
283,application,fgreport,destroyrelation,1,,1
284,application,fgreport,destroyrelation,0,,2
285,application,fgreport,destroyrelation,0,,3
286,application,fgreport,find,1,,1
287,application,fgreport,find,1,,2
288,application,fgreport,find,1,,3
289,application,fgreport,findone,1,,1
290,application,fgreport,findone,1,,2
291,application,fgreport,findone,1,,3
292,application,fgreport,update,1,,1
293,application,fgreport,update,1,,2
294,application,fgreport,update,1,,3
295,application,fgreport,updaterelation,1,,1
296,application,fgreport,updaterelation,0,,2
297,application,fgreport,updaterelation,0,,3
298,application,fgsite,count,1,,1
299,application,fgsite,count,1,,2
300,application,fgsite,count,1,,3
301,application,fgsite,create,1,,1
302,application,fgsite,create,0,,2
303,application,fgsite,create,0,,3
304,application,fgsite,createrelation,1,,1
305,application,fgsite,createrelation,0,,2
306,application,fgsite,createrelation,0,,3
307,application,fgsite,destroy,1,,1
308,application,fgsite,destroy,0,,2
309,application,fgsite,destroy,0,,3
310,application,fgsite,destroyrelation,1,,1
311,application,fgsite,destroyrelation,0,,2
312,application,fgsite,destroyrelation,0,,3
313,application,fgsite,find,1,,1
314,application,fgsite,find,1,,2
315,application,fgsite,find,1,,3
316,application,fgsite,findone,1,,1
317,application,fgsite,findone,1,,2
318,application,fgsite,findone,1,,3
319,application,fgsite,update,1,,1
320,application,fgsite,update,0,,2
321,application,fgsite,update,0,,3
322,application,fgsite,updaterelation,1,,1
323,application,fgsite,updaterelation,0,,2
324,application,fgsite,updaterelation,0,,3
325,application,fmreport,count,1,,1
326,application,fmreport,count,1,,2
327,application,fmreport,count,1,,3
328,application,fmreport,create,1,,1
329,application,fmreport,create,1,,2
330,application,fmreport,create,1,,3
331,application,fmreport,createrelation,1,,1
332,application,fmreport,createrelation,0,,2
333,application,fmreport,createrelation,0,,3
334,application,fmreport,destroy,1,,1
335,application,fmreport,destroy,0,,2
336,application,fmreport,destroy,0,,3
337,application,fmreport,destroyrelation,1,,1
338,application,fmreport,destroyrelation,0,,2
339,application,fmreport,destroyrelation,0,,3
340,application,fmreport,find,1,,1
341,application,fmreport,find,1,,2
342,application,fmreport,find,1,,3
343,application,fmreport,findone,1,,1
344,application,fmreport,findone,1,,2
345,application,fmreport,findone,1,,3
346,application,fmreport,update,1,,1
347,application,fmreport,update,1,,2
348,application,fmreport,update,1,,3
349,application,fmreport,updaterelation,1,,1
350,application,fmreport,updaterelation,0,,2
351,application,fmreport,updaterelation,0,,3
352,application,fmsite,count,1,,1
353,application,fmsite,count,1,,2
354,application,fmsite,count,1,,3
355,application,fmsite,create,1,,1
356,application,fmsite,create,0,,2
357,application,fmsite,create,0,,3
358,application,fmsite,createrelation,1,,1
359,application,fmsite,createrelation,0,,2
360,application,fmsite,createrelation,0,,3
361,application,fmsite,destroy,1,,1
362,application,fmsite,destroy,0,,2
363,application,fmsite,destroy,0,,3
364,application,fmsite,destroyrelation,1,,1
365,application,fmsite,destroyrelation,0,,2
366,application,fmsite,destroyrelation,0,,3
367,application,fmsite,find,1,,1
368,application,fmsite,find,1,,2
369,application,fmsite,find,1,,3
370,application,fmsite,findone,1,,1
371,application,fmsite,findone,1,,2
372,application,fmsite,findone,1,,3
373,application,fmsite,update,1,,1
374,application,fmsite,update,0,,2
375,application,fmsite,update,0,,3
376,application,fmsite,updaterelation,1,,1
377,application,fmsite,updaterelation,0,,2
378,application,fmsite,updaterelation,0,,3
379,application,fmtype,count,1,,1
380,application,fmtype,count,1,,2
381,application,fmtype,count,1,,3
382,application,fmtype,create,1,,1
383,application,fmtype,create,0,,2
384,application,fmtype,create,0,,3
385,application,fmtype,createrelation,1,,1
386,application,fmtype,createrelation,0,,2
387,application,fmtype,createrelation,0,,3
388,application,fmtype,destroy,1,,1
389,application,fmtype,destroy,0,,2
390,application,fmtype,destroy,0,,3
391,application,fmtype,destroyrelation,1,,1
392,application,fmtype,destroyrelation,0,,2
393,application,fmtype,destroyrelation,0,,3
394,application,fmtype,find,1,,1
395,application,fmtype,find,1,,2
396,application,fmtype,find,1,,3
397,application,fmtype,findone,1,,1
398,application,fmtype,findone,1,,2
399,application,fmtype,findone,1,,3
400,application,fmtype,update,1,,1
401,application,fmtype,update,0,,2
402,application,fmtype,update,0,,3
403,application,fmtype,updaterelation,1,,1
404,application,fmtype,updaterelation,0,,2
405,application,fmtype,updaterelation,0,,3
406,application,genreport,count,1,,1
407,application,genreport,count,1,,2
408,application,genreport,count,1,,3
409,application,genreport,create,1,,1
410,application,genreport,create,1,,2
411,application,genreport,create,1,,3
412,application,genreport,createrelation,1,,1
413,application,genreport,createrelation,0,,2
414,application,genreport,createrelation,0,,3
415,application,genreport,destroy,1,,1
416,application,genreport,destroy,0,,2
417,application,genreport,destroy,0,,3
418,application,genreport,destroyrelation,1,,1
419,application,genreport,destroyrelation,0,,2
420,application,genreport,destroyrelation,0,,3
421,application,genreport,find,1,,1
422,application,genreport,find,1,,2
423,application,genreport,find,1,,3
424,application,genreport,findone,1,,1
425,application,genreport,findone,1,,2
426,application,genreport,findone,1,,3
427,application,genreport,update,1,,1
428,application,genreport,update,1,,2
429,application,genreport,update,1,,3
430,application,genreport,updaterelation,1,,1
431,application,genreport,updaterelation,0,,2
432,application,genreport,updaterelation,0,,3
433,application,gensite,count,1,,1
434,application,gensite,count,1,,2
435,application,gensite,count,1,,3
436,application,gensite,create,1,,1
437,application,gensite,create,0,,2
438,application,gensite,create,0,,3
439,application,gensite,createrelation,1,,1
440,application,gensite,createrelation,0,,2
441,application,gensite,createrelation,0,,3
442,application,gensite,destroy,1,,1
443,application,gensite,destroy,0,,2
444,application,gensite,destroy,0,,3
445,application,gensite,destroyrelation,1,,1
446,application,gensite,destroyrelation,0,,2
447,application,gensite,destroyrelation,0,,3
448,application,gensite,find,1,,1
449,application,gensite,find,1,,2
450,application,gensite,find,1,,3
451,application,gensite,findone,1,,1
452,application,gensite,findone,1,,2
453,application,gensite,findone,1,,3
454,application,gensite,update,1,,1
455,application,gensite,update,0,,2
456,application,gensite,update,0,,3
457,application,gensite,updaterelation,1,,1
458,application,gensite,updaterelation,0,,2
459,application,gensite,updaterelation,0,,3
460,application,gractivegroup,count,1,,1
461,application,gractivegroup,count,1,,2
462,application,gractivegroup,count,1,,3
463,application,gractivegroup,create,1,,1
464,application,gractivegroup,create,0,,2
465,application,gractivegroup,create,0,,3
466,application,gractivegroup,createrelation,1,,1
467,application,gractivegroup,createrelation,0,,2
468,application,gractivegroup,createrelation,0,,3
469,application,gractivegroup,destroy,1,,1
470,application,gractivegroup,destroy,0,,2
471,application,gractivegroup,destroy,0,,3
472,application,gractivegroup,destroyrelation,1,,1
473,application,gractivegroup,destroyrelation,0,,2
474,application,gractivegroup,destroyrelation,0,,3
475,application,gractivegroup,find,1,,1
476,application,gractivegroup,find,1,,2
477,application,gractivegroup,find,1,,3
478,application,gractivegroup,findone,1,,1
479,application,gractivegroup,findone,1,,2
480,application,gractivegroup,findone,1,,3
481,application,gractivegroup,update,1,,1
482,application,gractivegroup,update,0,,2
483,application,gractivegroup,update,0,,3
484,application,gractivegroup,updaterelation,1,,1
485,application,gractivegroup,updaterelation,0,,2
486,application,gractivegroup,updaterelation,0,,3
487,application,gractiveobelisk,count,1,,1
488,application,gractiveobelisk,count,1,,2
489,application,gractiveobelisk,count,1,,3
490,application,gractiveobelisk,create,1,,1
491,application,gractiveobelisk,create,0,,2
492,application,gractiveobelisk,create,0,,3
493,application,gractiveobelisk,createrelation,1,,1
494,application,gractiveobelisk,createrelation,0,,2
495,application,gractiveobelisk,createrelation,0,,3
496,application,gractiveobelisk,destroy,1,,1
497,application,gractiveobelisk,destroy,0,,2
498,application,gractiveobelisk,destroy,0,,3
499,application,gractiveobelisk,destroyrelation,1,,1
500,application,gractiveobelisk,destroyrelation,0,,2
501,application,gractiveobelisk,destroyrelation,0,,3
502,application,gractiveobelisk,find,1,,1
503,application,gractiveobelisk,find,1,,2
504,application,gractiveobelisk,find,1,,3
505,application,gractiveobelisk,findone,1,,1
506,application,gractiveobelisk,findone,1,,2
507,application,gractiveobelisk,findone,1,,3
508,application,gractiveobelisk,update,1,,1
509,application,gractiveobelisk,update,0,,2
510,application,gractiveobelisk,update,0,,3
511,application,gractiveobelisk,updaterelation,1,,1
512,application,gractiveobelisk,updaterelation,0,,2
513,application,gractiveobelisk,updaterelation,0,,3
514,application,grartifact,count,1,,1
515,application,grartifact,count,1,,2
516,application,grartifact,count,1,,3
517,application,grartifact,create,1,,1
518,application,grartifact,create,0,,2
519,application,grartifact,create,0,,3
520,application,grartifact,createrelation,1,,1
521,application,grartifact,createrelation,0,,2
522,application,grartifact,createrelation,0,,3
523,application,grartifact,destroy,1,,1
524,application,grartifact,destroy,0,,2
525,application,grartifact,destroy,0,,3
526,application,grartifact,destroyrelation,1,,1
527,application,grartifact,destroyrelation,0,,2
528,application,grartifact,destroyrelation,0,,3
529,application,grartifact,find,1,,1
530,application,grartifact,find,1,,2
531,application,grartifact,find,1,,3
532,application,grartifact,findone,1,,1
533,application,grartifact,findone,1,,2
534,application,grartifact,findone,1,,3
535,application,grartifact,update,1,,1
536,application,grartifact,update,0,,2
537,application,grartifact,update,0,,3
538,application,grartifact,updaterelation,1,,1
539,application,grartifact,updaterelation,0,,2
540,application,grartifact,updaterelation,0,,3
541,application,grcodexcategories,count,1,,1
542,application,grcodexcategories,count,1,,2
543,application,grcodexcategories,count,1,,3
544,application,grcodexcategories,create,1,,1
545,application,grcodexcategories,create,0,,2
546,application,grcodexcategories,create,0,,3
547,application,grcodexcategories,createrelation,1,,1
548,application,grcodexcategories,createrelation,0,,2
549,application,grcodexcategories,createrelation,0,,3
550,application,grcodexcategories,destroy,1,,1
551,application,grcodexcategories,destroy,0,,2
552,application,grcodexcategories,destroy,0,,3
553,application,grcodexcategories,destroyrelation,1,,1
554,application,grcodexcategories,destroyrelation,0,,2
555,application,grcodexcategories,destroyrelation,0,,3
556,application,grcodexcategories,find,1,,1
557,application,grcodexcategories,find,1,,2
558,application,grcodexcategories,find,1,,3
559,application,grcodexcategories,findone,1,,1
560,application,grcodexcategories,findone,1,,2
561,application,grcodexcategories,findone,1,,3
562,application,grcodexcategories,update,1,,1
563,application,grcodexcategories,update,0,,2
564,application,grcodexcategories,update,0,,3
565,application,grcodexcategories,updaterelation,1,,1
566,application,grcodexcategories,updaterelation,0,,2
567,application,grcodexcategories,updaterelation,0,,3
568,application,grcodexdata,count,1,,1
569,application,grcodexdata,count,1,,2
570,application,grcodexdata,count,1,,3
571,application,grcodexdata,create,1,,1
572,application,grcodexdata,create,0,,2
573,application,grcodexdata,create,0,,3
574,application,grcodexdata,createrelation,1,,1
575,application,grcodexdata,createrelation,0,,2
576,application,grcodexdata,createrelation,0,,3
577,application,grcodexdata,destroy,1,,1
578,application,grcodexdata,destroy,0,,2
579,application,grcodexdata,destroy,0,,3
580,application,grcodexdata,destroyrelation,1,,1
581,application,grcodexdata,destroyrelation,0,,2
582,application,grcodexdata,destroyrelation,0,,3
583,application,grcodexdata,find,1,,1
584,application,grcodexdata,find,1,,2
585,application,grcodexdata,find,1,,3
586,application,grcodexdata,findone,1,,1
587,application,grcodexdata,findone,1,,2
588,application,grcodexdata,findone,1,,3
589,application,grcodexdata,update,1,,1
590,application,grcodexdata,update,0,,2
591,application,grcodexdata,update,0,,3
592,application,grcodexdata,updaterelation,1,,1
593,application,grcodexdata,updaterelation,0,,2
594,application,grcodexdata,updaterelation,0,,3
595,application,grobelisk,count,1,,1
596,application,grobelisk,count,1,,2
597,application,grobelisk,count,1,,3
598,application,grobelisk,create,1,,1
599,application,grobelisk,create,0,,2
600,application,grobelisk,create,0,,3
601,application,grobelisk,createrelation,1,,1
602,application,grobelisk,createrelation,0,,2
603,application,grobelisk,createrelation,0,,3
604,application,grobelisk,destroy,1,,1
605,application,grobelisk,destroy,0,,2
606,application,grobelisk,destroy,0,,3
607,application,grobelisk,destroyrelation,1,,1
608,application,grobelisk,destroyrelation,0,,2
609,application,grobelisk,destroyrelation,0,,3
610,application,grobelisk,find,1,,1
611,application,grobelisk,find,1,,2
612,application,grobelisk,find,1,,3
613,application,grobelisk,findone,1,,1
614,application,grobelisk,findone,1,,2
615,application,grobelisk,findone,1,,3
616,application,grobelisk,update,1,,1
617,application,grobelisk,update,0,,2
618,application,grobelisk,update,0,,3
619,application,grobelisk,updaterelation,1,,1
620,application,grobelisk,updaterelation,0,,2
621,application,grobelisk,updaterelation,0,,3
622,application,grobeliskgroup,count,1,,1
623,application,grobeliskgroup,count,1,,2
624,application,grobeliskgroup,count,1,,3
625,application,grobeliskgroup,create,1,,1
626,application,grobeliskgroup,create,0,,2
627,application,grobeliskgroup,create,0,,3
628,application,grobeliskgroup,createrelation,1,,1
629,application,grobeliskgroup,createrelation,0,,2
630,application,grobeliskgroup,createrelation,0,,3
631,application,grobeliskgroup,destroy,1,,1
632,application,grobeliskgroup,destroy,0,,2
633,application,grobeliskgroup,destroy,0,,3
634,application,grobeliskgroup,destroyrelation,1,,1
635,application,grobeliskgroup,destroyrelation,0,,2
636,application,grobeliskgroup,destroyrelation,0,,3
637,application,grobeliskgroup,find,1,,1
638,application,grobeliskgroup,find,1,,2
639,application,grobeliskgroup,find,1,,3
640,application,grobeliskgroup,findone,1,,1
641,application,grobeliskgroup,findone,1,,2
642,application,grobeliskgroup,findone,1,,3
643,application,grobeliskgroup,update,1,,1
644,application,grobeliskgroup,update,0,,2
645,application,grobeliskgroup,update,0,,3
646,application,grobeliskgroup,updaterelation,1,,1
647,application,grobeliskgroup,updaterelation,0,,2
648,application,grobeliskgroup,updaterelation,0,,3
649,application,grobeliskgroupreport,count,1,,1
650,application,grobeliskgroupreport,count,1,,2
651,application,grobeliskgroupreport,count,1,,3
652,application,grobeliskgroupreport,create,1,,1
653,application,grobeliskgroupreport,create,1,,2
654,application,grobeliskgroupreport,create,1,,3
655,application,grobeliskgroupreport,createrelation,1,,1
656,application,grobeliskgroupreport,createrelation,0,,2
657,application,grobeliskgroupreport,createrelation,0,,3
658,application,grobeliskgroupreport,destroy,1,,1
659,application,grobeliskgroupreport,destroy,0,,2
660,application,grobeliskgroupreport,destroy,0,,3
661,application,grobeliskgroupreport,destroyrelation,1,,1
662,application,grobeliskgroupreport,destroyrelation,0,,2
663,application,grobeliskgroupreport,destroyrelation,0,,3
664,application,grobeliskgroupreport,find,1,,1
665,application,grobeliskgroupreport,find,1,,2
666,application,grobeliskgroupreport,find,1,,3
667,application,grobeliskgroupreport,findone,1,,1
668,application,grobeliskgroupreport,findone,1,,2
669,application,grobeliskgroupreport,findone,1,,3
670,application,grobeliskgroupreport,update,1,,1
671,application,grobeliskgroupreport,update,1,,2
672,application,grobeliskgroupreport,update,1,,3
673,application,grobeliskgroupreport,updaterelation,1,,1
674,application,grobeliskgroupreport,updaterelation,0,,2
675,application,grobeliskgroupreport,updaterelation,0,,3
676,application,grobeliskreport,count,1,,1
677,application,grobeliskreport,count,1,,2
678,application,grobeliskreport,count,1,,3
679,application,grobeliskreport,create,1,,1
680,application,grobeliskreport,create,1,,2
681,application,grobeliskreport,create,1,,3
682,application,grobeliskreport,createrelation,1,,1
683,application,grobeliskreport,createrelation,0,,2
684,application,grobeliskreport,createrelation,0,,3
685,application,grobeliskreport,destroy,1,,1
686,application,grobeliskreport,destroy,0,,2
687,application,grobeliskreport,destroy,0,,3
688,application,grobeliskreport,destroyrelation,1,,1
689,application,grobeliskreport,destroyrelation,0,,2
690,application,grobeliskreport,destroyrelation,0,,3
691,application,grobeliskreport,find,1,,1
692,application,grobeliskreport,find,1,,2
693,application,grobeliskreport,find,1,,3
694,application,grobeliskreport,findone,1,,1
695,application,grobeliskreport,findone,1,,2
696,application,grobeliskreport,findone,1,,3
697,application,grobeliskreport,update,1,,1
698,application,grobeliskreport,update,1,,2
699,application,grobeliskreport,update,1,,3
700,application,grobeliskreport,updaterelation,1,,1
701,application,grobeliskreport,updaterelation,0,,2
702,application,grobeliskreport,updaterelation,0,,3
703,application,grreport,count,1,,1
704,application,grreport,count,1,,2
705,application,grreport,count,1,,3
706,application,grreport,create,1,,1
707,application,grreport,create,1,,2
708,application,grreport,create,1,,3
709,application,grreport,createrelation,1,,1
710,application,grreport,createrelation,0,,2
711,application,grreport,createrelation,0,,3
712,application,grreport,destroy,1,,1
713,application,grreport,destroy,0,,2
714,application,grreport,destroy,0,,3
715,application,grreport,destroyrelation,1,,1
716,application,grreport,destroyrelation,0,,2
717,application,grreport,destroyrelation,0,,3
718,application,grreport,find,1,,1
719,application,grreport,find,1,,2
720,application,grreport,find,1,,3
721,application,grreport,findone,1,,1
722,application,grreport,findone,1,,2
723,application,grreport,findone,1,,3
724,application,grreport,update,1,,1
725,application,grreport,update,1,,2
726,application,grreport,update,1,,3
727,application,grreport,updaterelation,1,,1
728,application,grreport,updaterelation,0,,2
729,application,grreport,updaterelation,0,,3
730,application,grsite,count,1,,1
731,application,grsite,count,1,,2
732,application,grsite,count,1,,3
733,application,grsite,create,1,,1
734,application,grsite,create,0,,2
735,application,grsite,create,0,,3
736,application,grsite,createrelation,1,,1
737,application,grsite,createrelation,0,,2
738,application,grsite,createrelation,0,,3
739,application,grsite,destroy,1,,1
740,application,grsite,destroy,0,,2
741,application,grsite,destroy,0,,3
742,application,grsite,destroyrelation,1,,1
743,application,grsite,destroyrelation,0,,2
744,application,grsite,destroyrelation,0,,3
745,application,grsite,find,1,,1
746,application,grsite,find,1,,2
747,application,grsite,find,1,,3
748,application,grsite,findone,1,,1
749,application,grsite,findone,1,,2
750,application,grsite,findone,1,,3
751,application,grsite,update,1,,1
752,application,grsite,update,0,,2
753,application,grsite,update,0,,3
754,application,grsite,updaterelation,1,,1
755,application,grsite,updaterelation,0,,2
756,application,grsite,updaterelation,0,,3
757,application,grtype,count,1,,1
758,application,grtype,count,1,,2
759,application,grtype,count,1,,3
760,application,grtype,create,1,,1
761,application,grtype,create,0,,2
762,application,grtype,create,0,,3
763,application,grtype,createrelation,1,,1
764,application,grtype,createrelation,0,,2
765,application,grtype,createrelation,0,,3
766,application,grtype,destroy,1,,1
767,application,grtype,destroy,0,,2
768,application,grtype,destroy,0,,3
769,application,grtype,destroyrelation,1,,1
770,application,grtype,destroyrelation,0,,2
771,application,grtype,destroyrelation,0,,3
772,application,grtype,find,1,,1
773,application,grtype,find,1,,2
774,application,grtype,find,1,,3
775,application,grtype,findone,1,,1
776,application,grtype,findone,1,,2
777,application,grtype,findone,1,,3
778,application,grtype,update,1,,1
779,application,grtype,update,0,,2
780,application,grtype,update,0,,3
781,application,grtype,updaterelation,1,,1
782,application,grtype,updaterelation,0,,2
783,application,grtype,updaterelation,0,,3
784,application,gsactivegroup,count,1,,1
785,application,gsactivegroup,count,1,,2
786,application,gsactivegroup,count,1,,3
787,application,gsactivegroup,create,1,,1
788,application,gsactivegroup,create,0,,2
789,application,gsactivegroup,create,0,,3
790,application,gsactivegroup,createrelation,1,,1
791,application,gsactivegroup,createrelation,0,,2
792,application,gsactivegroup,createrelation,0,,3
793,application,gsactivegroup,destroy,1,,1
794,application,gsactivegroup,destroy,0,,2
795,application,gsactivegroup,destroy,0,,3
796,application,gsactivegroup,destroyrelation,1,,1
797,application,gsactivegroup,destroyrelation,0,,2
798,application,gsactivegroup,destroyrelation,0,,3
799,application,gsactivegroup,find,1,,1
800,application,gsactivegroup,find,1,,2
801,application,gsactivegroup,find,1,,3
802,application,gsactivegroup,findone,1,,1
803,application,gsactivegroup,findone,1,,2
804,application,gsactivegroup,findone,1,,3
805,application,gsactivegroup,update,1,,1
806,application,gsactivegroup,update,0,,2
807,application,gsactivegroup,update,0,,3
808,application,gsactivegroup,updaterelation,1,,1
809,application,gsactivegroup,updaterelation,0,,2
810,application,gsactivegroup,updaterelation,0,,3
811,application,gsactiveobelisk,count,1,,1
812,application,gsactiveobelisk,count,1,,2
813,application,gsactiveobelisk,count,1,,3
814,application,gsactiveobelisk,create,1,,1
815,application,gsactiveobelisk,create,0,,2
816,application,gsactiveobelisk,create,0,,3
817,application,gsactiveobelisk,createrelation,1,,1
818,application,gsactiveobelisk,createrelation,0,,2
819,application,gsactiveobelisk,createrelation,0,,3
820,application,gsactiveobelisk,destroy,1,,1
821,application,gsactiveobelisk,destroy,0,,2
822,application,gsactiveobelisk,destroy,0,,3
823,application,gsactiveobelisk,destroyrelation,1,,1
824,application,gsactiveobelisk,destroyrelation,0,,2
825,application,gsactiveobelisk,destroyrelation,0,,3
826,application,gsactiveobelisk,find,1,,1
827,application,gsactiveobelisk,find,1,,2
828,application,gsactiveobelisk,find,1,,3
829,application,gsactiveobelisk,findone,1,,1
830,application,gsactiveobelisk,findone,1,,2
831,application,gsactiveobelisk,findone,1,,3
832,application,gsactiveobelisk,update,1,,1
833,application,gsactiveobelisk,update,0,,2
834,application,gsactiveobelisk,update,0,,3
835,application,gsactiveobelisk,updaterelation,1,,1
836,application,gsactiveobelisk,updaterelation,0,,2
837,application,gsactiveobelisk,updaterelation,0,,3
838,application,gsartifact,count,1,,1
839,application,gsartifact,count,1,,2
840,application,gsartifact,count,1,,3
841,application,gsartifact,create,1,,1
842,application,gsartifact,create,0,,2
843,application,gsartifact,create,0,,3
844,application,gsartifact,createrelation,1,,1
845,application,gsartifact,createrelation,0,,2
846,application,gsartifact,createrelation,0,,3
847,application,gsartifact,destroy,1,,1
848,application,gsartifact,destroy,0,,2
849,application,gsartifact,destroy,0,,3
850,application,gsartifact,destroyrelation,1,,1
851,application,gsartifact,destroyrelation,0,,2
852,application,gsartifact,destroyrelation,0,,3
853,application,gsartifact,find,1,,1
854,application,gsartifact,find,1,,2
855,application,gsartifact,find,1,,3
856,application,gsartifact,findone,1,,1
857,application,gsartifact,findone,1,,2
858,application,gsartifact,findone,1,,3
859,application,gsartifact,update,1,,1
860,application,gsartifact,update,0,,2
861,application,gsartifact,update,0,,3
862,application,gsartifact,updaterelation,1,,1
863,application,gsartifact,updaterelation,0,,2
864,application,gsartifact,updaterelation,0,,3
865,application,gscodexcategory,count,1,,1
866,application,gscodexcategory,count,1,,2
867,application,gscodexcategory,count,1,,3
868,application,gscodexcategory,create,1,,1
869,application,gscodexcategory,create,0,,2
870,application,gscodexcategory,create,0,,3
871,application,gscodexcategory,createrelation,1,,1
872,application,gscodexcategory,createrelation,0,,2
873,application,gscodexcategory,createrelation,0,,3
874,application,gscodexcategory,destroy,1,,1
875,application,gscodexcategory,destroy,0,,2
876,application,gscodexcategory,destroy,0,,3
877,application,gscodexcategory,destroyrelation,1,,1
878,application,gscodexcategory,destroyrelation,0,,2
879,application,gscodexcategory,destroyrelation,0,,3
880,application,gscodexcategory,find,1,,1
881,application,gscodexcategory,find,1,,2
882,application,gscodexcategory,find,1,,3
883,application,gscodexcategory,findone,1,,1
884,application,gscodexcategory,findone,1,,2
885,application,gscodexcategory,findone,1,,3
886,application,gscodexcategory,update,1,,1
887,application,gscodexcategory,update,0,,2
888,application,gscodexcategory,update,0,,3
889,application,gscodexcategory,updaterelation,1,,1
890,application,gscodexcategory,updaterelation,0,,2
891,application,gscodexcategory,updaterelation,0,,3
892,application,gscodexdata,count,1,,1
893,application,gscodexdata,count,1,,2
894,application,gscodexdata,count,1,,3
895,application,gscodexdata,create,1,,1
896,application,gscodexdata,create,0,,2
897,application,gscodexdata,create,0,,3
898,application,gscodexdata,createrelation,1,,1
899,application,gscodexdata,createrelation,0,,2
900,application,gscodexdata,createrelation,0,,3
901,application,gscodexdata,destroy,1,,1
902,application,gscodexdata,destroy,0,,2
903,application,gscodexdata,destroy,0,,3
904,application,gscodexdata,destroyrelation,1,,1
905,application,gscodexdata,destroyrelation,0,,2
906,application,gscodexdata,destroyrelation,0,,3
907,application,gscodexdata,find,1,,1
908,application,gscodexdata,find,1,,2
909,application,gscodexdata,find,1,,3
910,application,gscodexdata,findone,1,,1
911,application,gscodexdata,findone,1,,2
912,application,gscodexdata,findone,1,,3
913,application,gscodexdata,update,1,,1
914,application,gscodexdata,update,0,,2
915,application,gscodexdata,update,0,,3
916,application,gscodexdata,updaterelation,1,,1
917,application,gscodexdata,updaterelation,0,,2
918,application,gscodexdata,updaterelation,0,,3
919,application,gsobelisk,count,1,,1
920,application,gsobelisk,count,1,,2
921,application,gsobelisk,count,1,,3
922,application,gsobelisk,create,1,,1
923,application,gsobelisk,create,0,,2
924,application,gsobelisk,create,0,,3
925,application,gsobelisk,createrelation,1,,1
926,application,gsobelisk,createrelation,0,,2
927,application,gsobelisk,createrelation,0,,3
928,application,gsobelisk,destroy,1,,1
929,application,gsobelisk,destroy,0,,2
930,application,gsobelisk,destroy,0,,3
931,application,gsobelisk,destroyrelation,1,,1
932,application,gsobelisk,destroyrelation,0,,2
933,application,gsobelisk,destroyrelation,0,,3
934,application,gsobelisk,find,1,,1
935,application,gsobelisk,find,1,,2
936,application,gsobelisk,find,1,,3
937,application,gsobelisk,findone,1,,1
938,application,gsobelisk,findone,1,,2
939,application,gsobelisk,findone,1,,3
940,application,gsobelisk,update,1,,1
941,application,gsobelisk,update,0,,2
942,application,gsobelisk,update,0,,3
943,application,gsobelisk,updaterelation,1,,1
944,application,gsobelisk,updaterelation,0,,2
945,application,gsobelisk,updaterelation,0,,3
946,application,gsobeliskgroup,count,1,,1
947,application,gsobeliskgroup,count,1,,2
948,application,gsobeliskgroup,count,1,,3
949,application,gsobeliskgroup,create,1,,1
950,application,gsobeliskgroup,create,0,,2
951,application,gsobeliskgroup,create,0,,3
952,application,gsobeliskgroup,createrelation,1,,1
953,application,gsobeliskgroup,createrelation,0,,2
954,application,gsobeliskgroup,createrelation,0,,3
955,application,gsobeliskgroup,destroy,1,,1
956,application,gsobeliskgroup,destroy,0,,2
957,application,gsobeliskgroup,destroy,0,,3
958,application,gsobeliskgroup,destroyrelation,1,,1
959,application,gsobeliskgroup,destroyrelation,0,,2
960,application,gsobeliskgroup,destroyrelation,0,,3
961,application,gsobeliskgroup,find,1,,1
962,application,gsobeliskgroup,find,1,,2
963,application,gsobeliskgroup,find,1,,3
964,application,gsobeliskgroup,findone,1,,1
965,application,gsobeliskgroup,findone,1,,2
966,application,gsobeliskgroup,findone,1,,3
967,application,gsobeliskgroup,update,1,,1
968,application,gsobeliskgroup,update,0,,2
969,application,gsobeliskgroup,update,0,,3
970,application,gsobeliskgroup,updaterelation,1,,1
971,application,gsobeliskgroup,updaterelation,0,,2
972,application,gsobeliskgroup,updaterelation,0,,3
973,application,gsobeliskgroupreport,count,1,,1
974,application,gsobeliskgroupreport,count,1,,2
975,application,gsobeliskgroupreport,count,1,,3
976,application,gsobeliskgroupreport,create,1,,1
977,application,gsobeliskgroupreport,create,1,,2
978,application,gsobeliskgroupreport,create,1,,3
979,application,gsobeliskgroupreport,createrelation,1,,1
980,application,gsobeliskgroupreport,createrelation,0,,2
981,application,gsobeliskgroupreport,createrelation,0,,3
982,application,gsobeliskgroupreport,destroy,1,,1
983,application,gsobeliskgroupreport,destroy,0,,2
984,application,gsobeliskgroupreport,destroy,0,,3
985,application,gsobeliskgroupreport,destroyrelation,1,,1
986,application,gsobeliskgroupreport,destroyrelation,0,,2
987,application,gsobeliskgroupreport,destroyrelation,0,,3
988,application,gsobeliskgroupreport,find,1,,1
989,application,gsobeliskgroupreport,find,1,,2
990,application,gsobeliskgroupreport,find,1,,3
991,application,gsobeliskgroupreport,findone,1,,1
992,application,gsobeliskgroupreport,findone,1,,2
993,application,gsobeliskgroupreport,findone,1,,3
994,application,gsobeliskgroupreport,update,1,,1
995,application,gsobeliskgroupreport,update,1,,2
996,application,gsobeliskgroupreport,update,1,,3
997,application,gsobeliskgroupreport,updaterelation,1,,1
998,application,gsobeliskgroupreport,updaterelation,0,,2
999,application,gsobeliskgroupreport,updaterelation,0,,3
1000,application,gsobeliskreport,count,1,,1
1001,application,gsobeliskreport,count,1,,2
1002,application,gsobeliskreport,count,1,,3
1003,application,gsobeliskreport,create,1,,1
1004,application,gsobeliskreport,create,1,,2
1005,application,gsobeliskreport,create,1,,3
1006,application,gsobeliskreport,createrelation,1,,1
1007,application,gsobeliskreport,createrelation,0,,2
1008,application,gsobeliskreport,createrelation,0,,3
1009,application,gsobeliskreport,destroy,1,,1
1010,application,gsobeliskreport,destroy,0,,2
1011,application,gsobeliskreport,destroy,0,,3
1012,application,gsobeliskreport,destroyrelation,1,,1
1013,application,gsobeliskreport,destroyrelation,0,,2
1014,application,gsobeliskreport,destroyrelation,0,,3
1015,application,gsobeliskreport,find,1,,1
1016,application,gsobeliskreport,find,1,,2
1017,application,gsobeliskreport,find,1,,3
1018,application,gsobeliskreport,findone,1,,1
1019,application,gsobeliskreport,findone,1,,2
1020,application,gsobeliskreport,findone,1,,3
1021,application,gsobeliskreport,update,1,,1
1022,application,gsobeliskreport,update,1,,2
1023,application,gsobeliskreport,update,1,,3
1024,application,gsobeliskreport,updaterelation,1,,1
1025,application,gsobeliskreport,updaterelation,0,,2
1026,application,gsobeliskreport,updaterelation,0,,3
1027,application,gsreport,count,1,,1
1028,application,gsreport,count,1,,2
1029,application,gsreport,count,1,,3
1030,application,gsreport,create,1,,1
1031,application,gsreport,create,1,,2
1032,application,gsreport,create,1,,3
1033,application,gsreport,createrelation,1,,1
1034,application,gsreport,createrelation,0,,2
1035,application,gsreport,createrelation,0,,3
1036,application,gsreport,destroy,1,,1
1037,application,gsreport,destroy,0,,2
1038,application,gsreport,destroy,0,,3
1039,application,gsreport,destroyrelation,1,,1
1040,application,gsreport,destroyrelation,0,,2
1041,application,gsreport,destroyrelation,0,,3
1042,application,gsreport,find,1,,1
1043,application,gsreport,find,1,,2
1044,application,gsreport,find,1,,3
1045,application,gsreport,findone,1,,1
1046,application,gsreport,findone,1,,2
1047,application,gsreport,findone,1,,3
1048,application,gsreport,update,1,,1
1049,application,gsreport,update,1,,2
1050,application,gsreport,update,1,,3
1051,application,gsreport,updaterelation,1,,1
1052,application,gsreport,updaterelation,0,,2
1053,application,gsreport,updaterelation,0,,3
1054,application,gssite,count,1,,1
1055,application,gssite,count,1,,2
1056,application,gssite,count,1,,3
1057,application,gssite,create,1,,1
1058,application,gssite,create,0,,2
1059,application,gssite,create,0,,3
1060,application,gssite,createrelation,1,,1
1061,application,gssite,createrelation,0,,2
1062,application,gssite,createrelation,0,,3
1063,application,gssite,destroy,1,,1
1064,application,gssite,destroy,0,,2
1065,application,gssite,destroy,0,,3
1066,application,gssite,destroyrelation,1,,1
1067,application,gssite,destroyrelation,0,,2
1068,application,gssite,destroyrelation,0,,3
1069,application,gssite,find,1,,1
1070,application,gssite,find,1,,2
1071,application,gssite,find,1,,3
1072,application,gssite,findone,1,,1
1073,application,gssite,findone,1,,2
1074,application,gssite,findone,1,,3
1075,application,gssite,update,1,,1
1076,application,gssite,update,0,,2
1077,application,gssite,update,0,,3
1078,application,gssite,updaterelation,1,,1
1079,application,gssite,updaterelation,0,,2
1080,application,gssite,updaterelation,0,,3
1081,application,gstype,count,1,,1
1082,application,gstype,count,1,,2
1083,application,gstype,count,1,,3
1084,application,gstype,create,1,,1
1085,application,gstype,create,0,,2
1086,application,gstype,create,0,,3
1087,application,gstype,createrelation,1,,1
1088,application,gstype,createrelation,0,,2
1089,application,gstype,createrelation,0,,3
1090,application,gstype,destroy,1,,1
1091,application,gstype,destroy,0,,2
1092,application,gstype,destroy,0,,3
1093,application,gstype,destroyrelation,1,,1
1094,application,gstype,destroyrelation,0,,2
1095,application,gstype,destroyrelation,0,,3
1096,application,gstype,find,1,,1
1097,application,gstype,find,1,,2
1098,application,gstype,find,1,,3
1099,application,gstype,findone,1,,1
1100,application,gstype,findone,1,,2
1101,application,gstype,findone,1,,3
1102,application,gstype,update,1,,1
1103,application,gstype,update,0,,2
1104,application,gstype,update,0,,3
1105,application,gstype,updaterelation,1,,1
1106,application,gstype,updaterelation,0,,2
1107,application,gstype,updaterelation,0,,3
1108,application,gyreport,count,1,,1
1109,application,gyreport,count,1,,2
1110,application,gyreport,count,1,,3
1111,application,gyreport,create,1,,1
1112,application,gyreport,create,1,,2
1113,application,gyreport,create,1,,3
1114,application,gyreport,createrelation,1,,1
1115,application,gyreport,createrelation,0,,2
1116,application,gyreport,createrelation,0,,3
1117,application,gyreport,destroy,1,,1
1118,application,gyreport,destroy,0,,2
1119,application,gyreport,destroy,0,,3
1120,application,gyreport,destroyrelation,1,,1
1121,application,gyreport,destroyrelation,0,,2
1122,application,gyreport,destroyrelation,0,,3
1123,application,gyreport,find,1,,1
1124,application,gyreport,find,1,,2
1125,application,gyreport,find,1,,3
1126,application,gyreport,findone,1,,1
1127,application,gyreport,findone,1,,2
1128,application,gyreport,findone,1,,3
1129,application,gyreport,update,1,,1
1130,application,gyreport,update,1,,2
1131,application,gyreport,update,1,,3
1132,application,gyreport,updaterelation,1,,1
1133,application,gyreport,updaterelation,0,,2
1134,application,gyreport,updaterelation,0,,3
1135,application,gysite,count,1,,1
1136,application,gysite,count,1,,2
1137,application,gysite,count,1,,3
1138,application,gysite,create,1,,1
1139,application,gysite,create,0,,2
1140,application,gysite,create,0,,3
1141,application,gysite,createrelation,1,,1
1142,application,gysite,createrelation,0,,2
1143,application,gysite,createrelation,0,,3
1144,application,gysite,destroy,1,,1
1145,application,gysite,destroy,0,,2
1146,application,gysite,destroy,0,,3
1147,application,gysite,destroyrelation,1,,1
1148,application,gysite,destroyrelation,0,,2
1149,application,gysite,destroyrelation,0,,3
1150,application,gysite,find,1,,1
1151,application,gysite,find,1,,2
1152,application,gysite,find,1,,3
1153,application,gysite,findone,1,,1
1154,application,gysite,findone,1,,2
1155,application,gysite,findone,1,,3
1156,application,gysite,update,1,,1
1157,application,gysite,update,0,,2
1158,application,gysite,update,0,,3
1159,application,gysite,updaterelation,1,,1
1160,application,gysite,updaterelation,0,,2
1161,application,gysite,updaterelation,0,,3
1162,application,gytype,count,1,,1
1163,application,gytype,count,1,,2
1164,application,gytype,count,1,,3
1165,application,gytype,create,1,,1
1166,application,gytype,create,0,,2
1167,application,gytype,create,0,,3
1168,application,gytype,createrelation,1,,1
1169,application,gytype,createrelation,0,,2
1170,application,gytype,createrelation,0,,3
1171,application,gytype,destroy,1,,1
1172,application,gytype,destroy,0,,2
1173,application,gytype,destroy,0,,3
1174,application,gytype,destroyrelation,1,,1
1175,application,gytype,destroyrelation,0,,2
1176,application,gytype,destroyrelation,0,,3
1177,application,gytype,find,1,,1
1178,application,gytype,find,1,,2
1179,application,gytype,find,1,,3
1180,application,gytype,findone,1,,1
1181,application,gytype,findone,1,,2
1182,application,gytype,findone,1,,3
1183,application,gytype,update,1,,1
1184,application,gytype,update,0,,2
1185,application,gytype,update,0,,3
1186,application,gytype,updaterelation,1,,1
1187,application,gytype,updaterelation,0,,2
1188,application,gytype,updaterelation,0,,3
1189,application,journaldata,count,1,,1
1190,application,journaldata,count,1,,2
1191,application,journaldata,count,1,,3
1192,application,journaldata,create,1,,1
1193,application,journaldata,create,0,,2
1194,application,journaldata,create,0,,3
1195,application,journaldata,createrelation,1,,1
1196,application,journaldata,createrelation,0,,2
1197,application,journaldata,createrelation,0,,3
1198,application,journaldata,destroy,1,,1
1199,application,journaldata,destroy,0,,2
1200,application,journaldata,destroy,0,,3
1201,application,journaldata,destroyrelation,1,,1
1202,application,journaldata,destroyrelation,0,,2
1203,application,journaldata,destroyrelation,0,,3
1204,application,journaldata,find,1,,1
1205,application,journaldata,find,1,,2
1206,application,journaldata,find,1,,3
1207,application,journaldata,findone,1,,1
1208,application,journaldata,findone,1,,2
1209,application,journaldata,findone,1,,3
1210,application,journaldata,update,1,,1
1211,application,journaldata,update,0,,2
1212,application,journaldata,update,0,,3
1213,application,journaldata,updaterelation,1,,1
1214,application,journaldata,updaterelation,0,,2
1215,application,journaldata,updaterelation,0,,3
1216,application,location,count,1,,1
1217,application,location,count,1,,2
1218,application,location,count,1,,3
1219,application,location,create,1,,1
1220,application,location,create,0,,2
1221,application,location,create,0,,3
1222,application,location,createrelation,1,,1
1223,application,location,createrelation,0,,2
1224,application,location,createrelation,0,,3
1225,application,location,destroy,1,,1
1226,application,location,destroy,0,,2
1227,application,location,destroy,0,,3
1228,application,location,destroyrelation,1,,1
1229,application,location,destroyrelation,0,,2
1230,application,location,destroyrelation,0,,3
1231,application,location,find,1,,1
1232,application,location,find,1,,2
1233,application,location,find,1,,3
1234,application,location,findone,1,,1
1235,application,location,findone,1,,2
1236,application,location,findone,1,,3
1237,application,location,update,1,,1
1238,application,location,update,0,,2
1239,application,location,update,0,,3
1240,application,location,updaterelation,1,,1
1241,application,location,updaterelation,0,,2
1242,application,location,updaterelation,0,,3
1243,application,lsreport,count,1,,1
1244,application,lsreport,count,1,,2
1245,application,lsreport,count,1,,3
1246,application,lsreport,create,1,,1
1247,application,lsreport,create,1,,2
1248,application,lsreport,create,1,,3
1249,application,lsreport,createrelation,1,,1
1250,application,lsreport,createrelation,0,,2
1251,application,lsreport,createrelation,0,,3
1252,application,lsreport,destroy,1,,1
1253,application,lsreport,destroy,0,,2
1254,application,lsreport,destroy,0,,3
1255,application,lsreport,destroyrelation,1,,1
1256,application,lsreport,destroyrelation,0,,2
1257,application,lsreport,destroyrelation,0,,3
1258,application,lsreport,find,1,,1
1259,application,lsreport,find,1,,2
1260,application,lsreport,find,1,,3
1261,application,lsreport,findone,1,,1
1262,application,lsreport,findone,1,,2
1263,application,lsreport,findone,1,,3
1264,application,lsreport,update,1,,1
1265,application,lsreport,update,1,,2
1266,application,lsreport,update,1,,3
1267,application,lsreport,updaterelation,1,,1
1268,application,lsreport,updaterelation,0,,2
1269,application,lsreport,updaterelation,0,,3
1270,application,lssite,count,1,,1
1271,application,lssite,count,1,,2
1272,application,lssite,count,1,,3
1273,application,lssite,create,1,,1
1274,application,lssite,create,0,,2
1275,application,lssite,create,0,,3
1276,application,lssite,createrelation,1,,1
1277,application,lssite,createrelation,0,,2
1278,application,lssite,createrelation,0,,3
1279,application,lssite,destroy,1,,1
1280,application,lssite,destroy,0,,2
1281,application,lssite,destroy,0,,3
1282,application,lssite,destroyrelation,1,,1
1283,application,lssite,destroyrelation,0,,2
1284,application,lssite,destroyrelation,0,,3
1285,application,lssite,find,1,,1
1286,application,lssite,find,1,,2
1287,application,lssite,find,1,,3
1288,application,lssite,findone,1,,1
1289,application,lssite,findone,1,,2
1290,application,lssite,findone,1,,3
1291,application,lssite,update,1,,1
1292,application,lssite,update,0,,2
1293,application,lssite,update,0,,3
1294,application,lssite,updaterelation,1,,1
1295,application,lssite,updaterelation,0,,2
1296,application,lssite,updaterelation,0,,3
1297,application,msreport,count,1,,1
1298,application,msreport,count,1,,2
1299,application,msreport,count,1,,3
1300,application,msreport,create,1,,1
1301,application,msreport,create,1,,2
1302,application,msreport,create,1,,3
1303,application,msreport,createrelation,1,,1
1304,application,msreport,createrelation,0,,2
1305,application,msreport,createrelation,0,,3
1306,application,msreport,destroy,1,,1
1307,application,msreport,destroy,0,,2
1308,application,msreport,destroy,0,,3
1309,application,msreport,destroyrelation,1,,1
1310,application,msreport,destroyrelation,0,,2
1311,application,msreport,destroyrelation,0,,3
1312,application,msreport,find,1,,1
1313,application,msreport,find,1,,2
1314,application,msreport,find,1,,3
1315,application,msreport,findone,1,,1
1316,application,msreport,findone,1,,2
1317,application,msreport,findone,1,,3
1318,application,msreport,update,1,,1
1319,application,msreport,update,1,,2
1320,application,msreport,update,1,,3
1321,application,msreport,updaterelation,1,,1
1322,application,msreport,updaterelation,0,,2
1323,application,msreport,updaterelation,0,,3
1324,application,mssite,count,1,,1
1325,application,mssite,count,1,,2
1326,application,mssite,count,1,,3
1327,application,mssite,create,1,,1
1328,application,mssite,create,0,,2
1329,application,mssite,create,0,,3
1330,application,mssite,createrelation,1,,1
1331,application,mssite,createrelation,0,,2
1332,application,mssite,createrelation,0,,3
1333,application,mssite,destroy,1,,1
1334,application,mssite,destroy,0,,2
1335,application,mssite,destroy,0,,3
1336,application,mssite,destroyrelation,1,,1
1337,application,mssite,destroyrelation,0,,2
1338,application,mssite,destroyrelation,0,,3
1339,application,mssite,find,1,,1
1340,application,mssite,find,1,,2
1341,application,mssite,find,1,,3
1342,application,mssite,findone,1,,1
1343,application,mssite,findone,1,,2
1344,application,mssite,findone,1,,3
1345,application,mssite,update,1,,1
1346,application,mssite,update,0,,2
1347,application,mssite,update,0,,3
1348,application,mssite,updaterelation,1,,1
1349,application,mssite,updaterelation,0,,2
1350,application,mssite,updaterelation,0,,3
1351,application,mstype,count,1,,1
1352,application,mstype,count,1,,2
1353,application,mstype,count,1,,3
1354,application,mstype,create,1,,1
1355,application,mstype,create,0,,2
1356,application,mstype,create,0,,3
1357,application,mstype,createrelation,1,,1
1358,application,mstype,createrelation,0,,2
1359,application,mstype,createrelation,0,,3
1360,application,mstype,destroy,1,,1
1361,application,mstype,destroy,0,,2
1362,application,mstype,destroy,0,,3
1363,application,mstype,destroyrelation,1,,1
1364,application,mstype,destroyrelation,0,,2
1365,application,mstype,destroyrelation,0,,3
1366,application,mstype,find,1,,1
1367,application,mstype,find,1,,2
1368,application,mstype,find,1,,3
1369,application,mstype,findone,1,,1
1370,application,mstype,findone,1,,2
1371,application,mstype,findone,1,,3
1372,application,mstype,update,1,,1
1373,application,mstype,update,0,,2
1374,application,mstype,update,0,,3
1375,application,mstype,updaterelation,1,,1
1376,application,mstype,updaterelation,0,,2
1377,application,mstype,updaterelation,0,,3
1378,application,ring,count,1,,1
1379,application,ring,count,1,,2
1380,application,ring,count,1,,3
1381,application,ring,create,1,,1
1382,application,ring,create,0,,2
1383,application,ring,create,0,,3
1384,application,ring,createrelation,1,,1
1385,application,ring,createrelation,0,,2
1386,application,ring,createrelation,0,,3
1387,application,ring,destroy,1,,1
1388,application,ring,destroy,0,,2
1389,application,ring,destroy,0,,3
1390,application,ring,destroyrelation,1,,1
1391,application,ring,destroyrelation,0,,2
1392,application,ring,destroyrelation,0,,3
1393,application,ring,find,1,,1
1394,application,ring,find,1,,2
1395,application,ring,find,1,,3
1396,application,ring,findone,1,,1
1397,application,ring,findone,1,,2
1398,application,ring,findone,1,,3
1399,application,ring,update,1,,1
1400,application,ring,update,0,,2
1401,application,ring,update,0,,3
1402,application,ring,updaterelation,1,,1
1403,application,ring,updaterelation,0,,2
1404,application,ring,updaterelation,0,,3
1405,application,ringtype,count,1,,1
1406,application,ringtype,count,1,,2
1407,application,ringtype,count,1,,3
1408,application,ringtype,create,1,,1
1409,application,ringtype,create,0,,2
1410,application,ringtype,create,0,,3
1411,application,ringtype,createrelation,1,,1
1412,application,ringtype,createrelation,0,,2
1413,application,ringtype,createrelation,0,,3
1414,application,ringtype,destroy,1,,1
1415,application,ringtype,destroy,0,,2
1416,application,ringtype,destroy,0,,3
1417,application,ringtype,destroyrelation,1,,1
1418,application,ringtype,destroyrelation,0,,2
1419,application,ringtype,destroyrelation,0,,3
1420,application,ringtype,find,1,,1
1421,application,ringtype,find,1,,2
1422,application,ringtype,find,1,,3
1423,application,ringtype,findone,1,,1
1424,application,ringtype,findone,1,,2
1425,application,ringtype,findone,1,,3
1426,application,ringtype,update,1,,1
1427,application,ringtype,update,0,,2
1428,application,ringtype,update,0,,3
1429,application,ringtype,updaterelation,1,,1
1430,application,ringtype,updaterelation,0,,2
1431,application,ringtype,updaterelation,0,,3
1432,application,system,count,1,,1
1433,application,system,count,1,,2
1434,application,system,count,1,,3
1435,application,system,create,1,,1
1436,application,system,create,0,,2
1437,application,system,create,0,,3
1438,application,system,createrelation,1,,1
1439,application,system,createrelation,0,,2
1440,application,system,createrelation,0,,3
1441,application,system,destroy,1,,1
1442,application,system,destroy,0,,2
1443,application,system,destroy,0,,3
1444,application,system,destroyrelation,1,,1
1445,application,system,destroyrelation,0,,2
1446,application,system,destroyrelation,0,,3
1447,application,system,find,1,,1
1448,application,system,find,1,,2
1449,application,system,find,1,,3
1450,application,system,findone,1,,1
1451,application,system,findone,1,,2
1452,application,system,findone,1,,3
1453,application,system,update,1,,1
1454,application,system,update,0,,2
1455,application,system,update,0,,3
1456,application,system,updaterelation,1,,1
1457,application,system,updaterelation,0,,2
1458,application,system,updaterelation,0,,3
1459,application,tbreport,count,1,,1
1460,application,tbreport,count,1,,2
1461,application,tbreport,count,1,,3
1462,application,tbreport,create,1,,1
1463,application,tbreport,create,1,,2
1464,application,tbreport,create,1,,3
1465,application,tbreport,createrelation,1,,1
1466,application,tbreport,createrelation,0,,2
1467,application,tbreport,createrelation,0,,3
1468,application,tbreport,destroy,1,,1
1469,application,tbreport,destroy,0,,2
1470,application,tbreport,destroy,0,,3
1471,application,tbreport,destroyrelation,1,,1
1472,application,tbreport,destroyrelation,0,,2
1473,application,tbreport,destroyrelation,0,,3
1474,application,tbreport,find,1,,1
1475,application,tbreport,find,1,,2
1476,application,tbreport,find,1,,3
1477,application,tbreport,findone,1,,1
1478,application,tbreport,findone,1,,2
1479,application,tbreport,findone,1,,3
1480,application,tbreport,update,1,,1
1481,application,tbreport,update,1,,2
1482,application,tbreport,update,1,,3
1483,application,tbreport,updaterelation,1,,1
1484,application,tbreport,updaterelation,0,,2
1485,application,tbreport,updaterelation,0,,3
1486,application,tbsite,count,1,,1
1487,application,tbsite,count,1,,2
1488,application,tbsite,count,1,,3
1489,application,tbsite,create,1,,1
1490,application,tbsite,create,0,,2
1491,application,tbsite,create,0,,3
1492,application,tbsite,createrelation,1,,1
1493,application,tbsite,createrelation,0,,2
1494,application,tbsite,createrelation,0,,3
1495,application,tbsite,destroy,1,,1
1496,application,tbsite,destroy,0,,2
1497,application,tbsite,destroy,0,,3
1498,application,tbsite,destroyrelation,1,,1
1499,application,tbsite,destroyrelation,0,,2
1500,application,tbsite,destroyrelation,0,,3
1501,application,tbsite,find,1,,1
1502,application,tbsite,find,1,,2
1503,application,tbsite,find,1,,3
1504,application,tbsite,findone,1,,1
1505,application,tbsite,findone,1,,2
1506,application,tbsite,findone,1,,3
1507,application,tbsite,update,1,,1
1508,application,tbsite,update,0,,2
1509,application,tbsite,update,0,,3
1510,application,tbsite,updaterelation,1,,1
1511,application,tbsite,updaterelation,0,,2
1512,application,tbsite,updaterelation,0,,3
1513,application,tbtype,count,1,,1
1514,application,tbtype,count,1,,2
1515,application,tbtype,count,1,,3
1516,application,tbtype,create,1,,1
1517,application,tbtype,create,0,,2
1518,application,tbtype,create,0,,3
1519,application,tbtype,createrelation,1,,1
1520,application,tbtype,createrelation,0,,2
1521,application,tbtype,createrelation,0,,3
1522,application,tbtype,destroy,1,,1
1523,application,tbtype,destroy,0,,2
1524,application,tbtype,destroy,0,,3
1525,application,tbtype,destroyrelation,1,,1
1526,application,tbtype,destroyrelation,0,,2
1527,application,tbtype,destroyrelation,0,,3
1528,application,tbtype,find,1,,1
1529,application,tbtype,find,1,,2
1530,application,tbtype,find,1,,3
1531,application,tbtype,findone,1,,1
1532,application,tbtype,findone,1,,2
1533,application,tbtype,findone,1,,3
1534,application,tbtype,update,1,,1
1535,application,tbtype,update,0,,2
1536,application,tbtype,update,0,,3
1537,application,tbtype,updaterelation,1,,1
1538,application,tbtype,updaterelation,0,,2
1539,application,tbtype,updaterelation,0,,3
1540,application,tsreport,count,1,,1
1541,application,tsreport,count,1,,2
1542,application,tsreport,count,1,,3
1543,application,tsreport,create,1,,1
1544,application,tsreport,create,1,,2
1545,application,tsreport,create,1,,3
1546,application,tsreport,createrelation,1,,1
1547,application,tsreport,createrelation,0,,2
1548,application,tsreport,createrelation,0,,3
1549,application,tsreport,destroy,1,,1
1550,application,tsreport,destroy,0,,2
1551,application,tsreport,destroy,0,,3
1552,application,tsreport,destroyrelation,1,,1
1553,application,tsreport,destroyrelation,0,,2
1554,application,tsreport,destroyrelation,0,,3
1555,application,tsreport,find,1,,1
1556,application,tsreport,find,1,,2
1557,application,tsreport,find,1,,3
1558,application,tsreport,findone,1,,1
1559,application,tsreport,findone,1,,2
1560,application,tsreport,findone,1,,3
1561,application,tsreport,update,1,,1
1562,application,tsreport,update,1,,2
1563,application,tsreport,update,1,,3
1564,application,tsreport,updaterelation,1,,1
1565,application,tsreport,updaterelation,0,,2
1566,application,tsreport,updaterelation,0,,3
1567,application,tssite,count,1,,1
1568,application,tssite,count,1,,2
1569,application,tssite,count,1,,3
1570,application,tssite,create,1,,1
1571,application,tssite,create,0,,2
1572,application,tssite,create,0,,3
1573,application,tssite,createrelation,1,,1
1574,application,tssite,createrelation,0,,2
1575,application,tssite,createrelation,0,,3
1576,application,tssite,destroy,1,,1
1577,application,tssite,destroy,0,,2
1578,application,tssite,destroy,0,,3
1579,application,tssite,destroyrelation,1,,1
1580,application,tssite,destroyrelation,0,,2
1581,application,tssite,destroyrelation,0,,3
1582,application,tssite,find,1,,1
1583,application,tssite,find,1,,2
1584,application,tssite,find,1,,3
1585,application,tssite,findone,1,,1
1586,application,tssite,findone,1,,2
1587,application,tssite,findone,1,,3
1588,application,tssite,update,1,,1
1589,application,tssite,update,0,,2
1590,application,tssite,update,0,,3
1591,application,tssite,updaterelation,1,,1
1592,application,tssite,updaterelation,0,,2
1593,application,tssite,updaterelation,0,,3
1594,application,tsstatus,count,1,,1
1595,application,tsstatus,count,1,,2
1596,application,tsstatus,count,1,,3
1597,application,tsstatus,create,1,,1
1598,application,tsstatus,create,0,,2
1599,application,tsstatus,create,0,,3
1600,application,tsstatus,createrelation,1,,1
1601,application,tsstatus,createrelation,0,,2
1602,application,tsstatus,createrelation,0,,3
1603,application,tsstatus,destroy,1,,1
1604,application,tsstatus,destroy,0,,2
1605,application,tsstatus,destroy,0,,3
1606,application,tsstatus,destroyrelation,1,,1
1607,application,tsstatus,destroyrelation,0,,2
1608,application,tsstatus,destroyrelation,0,,3
1609,application,tsstatus,find,1,,1
1610,application,tsstatus,find,1,,2
1611,application,tsstatus,find,1,,3
1612,application,tsstatus,findone,1,,1
1613,application,tsstatus,findone,1,,2
1614,application,tsstatus,findone,1,,3
1615,application,tsstatus,update,1,,1
1616,application,tsstatus,update,0,,2
1617,application,tsstatus,update,0,,3
1618,application,tsstatus,updaterelation,1,,1
1619,application,tsstatus,updaterelation,0,,2
1620,application,tsstatus,updaterelation,0,,3
1621,application,twreport,count,1,,1
1622,application,twreport,count,1,,2
1623,application,twreport,count,1,,3
1624,application,twreport,create,1,,1
1625,application,twreport,create,1,,2
1626,application,twreport,create,1,,3
1627,application,twreport,createrelation,1,,1
1628,application,twreport,createrelation,0,,2
1629,application,twreport,createrelation,0,,3
1630,application,twreport,destroy,1,,1
1631,application,twreport,destroy,0,,2
1632,application,twreport,destroy,0,,3
1633,application,twreport,destroyrelation,1,,1
1634,application,twreport,destroyrelation,0,,2
1635,application,twreport,destroyrelation,0,,3
1636,application,twreport,find,1,,1
1637,application,twreport,find,1,,2
1638,application,twreport,find,1,,3
1639,application,twreport,findone,1,,1
1640,application,twreport,findone,1,,2
1641,application,twreport,findone,1,,3
1642,application,twreport,update,1,,1
1643,application,twreport,update,1,,2
1644,application,twreport,update,1,,3
1645,application,twreport,updaterelation,1,,1
1646,application,twreport,updaterelation,0,,2
1647,application,twreport,updaterelation,0,,3
1648,application,twsite,count,1,,1
1649,application,twsite,count,1,,2
1650,application,twsite,count,1,,3
1651,application,twsite,create,1,,1
1652,application,twsite,create,0,,2
1653,application,twsite,create,0,,3
1654,application,twsite,createrelation,1,,1
1655,application,twsite,createrelation,0,,2
1656,application,twsite,createrelation,0,,3
1657,application,twsite,destroy,1,,1
1658,application,twsite,destroy,0,,2
1659,application,twsite,destroy,0,,3
1660,application,twsite,destroyrelation,1,,1
1661,application,twsite,destroyrelation,0,,2
1662,application,twsite,destroyrelation,0,,3
1663,application,twsite,find,1,,1
1664,application,twsite,find,1,,2
1665,application,twsite,find,1,,3
1666,application,twsite,findone,1,,1
1667,application,twsite,findone,1,,2
1668,application,twsite,findone,1,,3
1669,application,twsite,update,1,,1
1670,application,twsite,update,0,,2
1671,application,twsite,update,0,,3
1672,application,twsite,updaterelation,1,,1
1673,application,twsite,updaterelation,0,,2
1674,application,twsite,updaterelation,0,,3
1675,application,usssite,count,1,,1
1676,application,usssite,count,1,,2
1677,application,usssite,count,1,,3
1678,application,usssite,create,1,,1
1679,application,usssite,create,0,,2
1680,application,usssite,create,0,,3
1681,application,usssite,createrelation,1,,1
1682,application,usssite,createrelation,0,,2
1683,application,usssite,createrelation,0,,3
1684,application,usssite,destroy,1,,1
1685,application,usssite,destroy,0,,2
1686,application,usssite,destroy,0,,3
1687,application,usssite,destroyrelation,1,,1
1688,application,usssite,destroyrelation,0,,2
1689,application,usssite,destroyrelation,0,,3
1690,application,usssite,find,1,,1
1691,application,usssite,find,1,,2
1692,application,usssite,find,1,,3
1693,application,usssite,findone,1,,1
1694,application,usssite,findone,1,,2
1695,application,usssite,findone,1,,3
1696,application,usssite,update,1,,1
1697,application,usssite,update,0,,2
1698,application,usssite,update,0,,3
1699,application,usssite,updaterelation,1,,1
1700,application,usssite,updaterelation,0,,2
1701,application,usssite,updaterelation,0,,3
1702,application,usstype,count,1,,1
1703,application,usstype,count,1,,2
1704,application,usstype,count,1,,3
1705,application,usstype,create,1,,1
1706,application,usstype,create,0,,2
1707,application,usstype,create,0,,3
1708,application,usstype,createrelation,1,,1
1709,application,usstype,createrelation,0,,2
1710,application,usstype,createrelation,0,,3
1711,application,usstype,destroy,1,,1
1712,application,usstype,destroy,0,,2
1713,application,usstype,destroy,0,,3
1714,application,usstype,destroyrelation,1,,1
1715,application,usstype,destroyrelation,0,,2
1716,application,usstype,destroyrelation,0,,3
1717,application,usstype,find,1,,1
1718,application,usstype,find,1,,2
1719,application,usstype,find,1,,3
1720,application,usstype,findone,1,,1
1721,application,usstype,findone,1,,2
1722,application,usstype,findone,1,,3
1723,application,usstype,update,1,,1
1724,application,usstype,update,0,,2
1725,application,usstype,update,0,,3
1726,application,usstype,updaterelation,1,,1
1727,application,usstype,updaterelation,0,,2
1728,application,usstype,updaterelation,0,,3
1729,content-manager,contentmanager,count,1,,1
1730,content-manager,contentmanager,count,0,,2
1731,content-manager,contentmanager,count,0,,3
1732,content-manager,contentmanager,create,1,,1
1733,content-manager,contentmanager,create,0,,2
1734,content-manager,contentmanager,create,0,,3
1735,content-manager,contentmanager,delete,1,,1
1736,content-manager,contentmanager,delete,0,,2
1737,content-manager,contentmanager,delete,0,,3
1738,content-manager,contentmanager,deleteall,1,,1
1739,content-manager,contentmanager,deleteall,0,,2
1740,content-manager,contentmanager,deleteall,0,,3
1741,content-manager,contentmanager,find,1,,1
1742,content-manager,contentmanager,find,0,,2
1743,content-manager,contentmanager,find,0,,3
1744,content-manager,contentmanager,findone,1,,1
1745,content-manager,contentmanager,findone,0,,2
1746,content-manager,contentmanager,findone,0,,3
1747,content-manager,contentmanager,layout,1,,1
1748,content-manager,contentmanager,layout,0,,2
1749,content-manager,contentmanager,layout,0,,3
1750,content-manager,contentmanager,models,1,,1
1751,content-manager,contentmanager,models,0,,2
1752,content-manager,contentmanager,models,0,,3
1753,content-manager,contentmanager,update,1,,1
1754,content-manager,contentmanager,update,0,,2
1755,content-manager,contentmanager,update,0,,3
1756,content-type-builder,contenttypebuilder,autoreload,1,,1
1757,content-type-builder,contenttypebuilder,autoreload,1,,2
1758,content-type-builder,contenttypebuilder,autoreload,1,,3
1759,content-type-builder,contenttypebuilder,checktableexists,1,,1
1760,content-type-builder,contenttypebuilder,checktableexists,0,,2
1761,content-type-builder,contenttypebuilder,checktableexists,0,,3
1762,content-type-builder,contenttypebuilder,createmodel,1,,1
1763,content-type-builder,contenttypebuilder,createmodel,0,,2
1764,content-type-builder,contenttypebuilder,createmodel,0,,3
1765,content-type-builder,contenttypebuilder,deletemodel,1,,1
1766,content-type-builder,contenttypebuilder,deletemodel,0,,2
1767,content-type-builder,contenttypebuilder,deletemodel,0,,3
1768,content-type-builder,contenttypebuilder,getconnections,1,,1
1769,content-type-builder,contenttypebuilder,getconnections,0,,2
1770,content-type-builder,contenttypebuilder,getconnections,0,,3
1771,content-type-builder,contenttypebuilder,getmodel,1,,1
1772,content-type-builder,contenttypebuilder,getmodel,0,,2
1773,content-type-builder,contenttypebuilder,getmodel,0,,3
1774,content-type-builder,contenttypebuilder,getmodels,1,,1
1775,content-type-builder,contenttypebuilder,getmodels,0,,2
1776,content-type-builder,contenttypebuilder,getmodels,0,,3
1777,content-type-builder,contenttypebuilder,updatemodel,1,,1
1778,content-type-builder,contenttypebuilder,updatemodel,0,,2
1779,content-type-builder,contenttypebuilder,updatemodel,0,,3
1780,email,email,getenvironments,1,,1
1781,email,email,getenvironments,0,,2
1782,email,email,getenvironments,0,,3
1783,email,email,getsettings,1,,1
1784,email,email,getsettings,0,,2
1785,email,email,getsettings,0,,3
1786,email,email,send,1,,1
1787,email,email,send,0,,2
1788,email,email,send,0,,3
1789,email,email,updatesettings,1,,1
1790,email,email,updatesettings,0,,2
1791,email,email,updatesettings,0,,3
1792,settings-manager,settingsmanager,autoreload,1,,1
1793,settings-manager,settingsmanager,autoreload,1,,2
1794,settings-manager,settingsmanager,autoreload,1,,3
1795,settings-manager,settingsmanager,createdatabase,1,,1
1796,settings-manager,settingsmanager,createdatabase,0,,2
1797,settings-manager,settingsmanager,createdatabase,0,,3
1798,settings-manager,settingsmanager,createlanguage,1,,1
1799,settings-manager,settingsmanager,createlanguage,0,,2
1800,settings-manager,settingsmanager,createlanguage,0,,3
1801,settings-manager,settingsmanager,database,1,,1
1802,settings-manager,settingsmanager,database,0,,2
1803,settings-manager,settingsmanager,database,0,,3
1804,settings-manager,settingsmanager,databasemodel,1,,1
1805,settings-manager,settingsmanager,databasemodel,0,,2
1806,settings-manager,settingsmanager,databasemodel,0,,3
1807,settings-manager,settingsmanager,databases,1,,1
1808,settings-manager,settingsmanager,databases,0,,2
1809,settings-manager,settingsmanager,databases,0,,3
1810,settings-manager,settingsmanager,deletedatabase,1,,1
1811,settings-manager,settingsmanager,deletedatabase,0,,2
1812,settings-manager,settingsmanager,deletedatabase,0,,3
1813,settings-manager,settingsmanager,deletelanguage,1,,1
1814,settings-manager,settingsmanager,deletelanguage,0,,2
1815,settings-manager,settingsmanager,deletelanguage,0,,3
1816,settings-manager,settingsmanager,environments,1,,1
1817,settings-manager,settingsmanager,environments,0,,2
1818,settings-manager,settingsmanager,environments,0,,3
1819,settings-manager,settingsmanager,get,1,,1
1820,settings-manager,settingsmanager,get,0,,2
1821,settings-manager,settingsmanager,get,0,,3
1822,settings-manager,settingsmanager,languages,1,,1
1823,settings-manager,settingsmanager,languages,0,,2
1824,settings-manager,settingsmanager,languages,0,,3
1825,settings-manager,settingsmanager,menu,1,,1
1826,settings-manager,settingsmanager,menu,0,,2
1827,settings-manager,settingsmanager,menu,0,,3
1828,settings-manager,settingsmanager,update,1,,1
1829,settings-manager,settingsmanager,update,0,,2
1830,settings-manager,settingsmanager,update,0,,3
1831,settings-manager,settingsmanager,updatedatabase,1,,1
1832,settings-manager,settingsmanager,updatedatabase,0,,2
1833,settings-manager,settingsmanager,updatedatabase,0,,3
1834,upload,upload,count,1,,1
1835,upload,upload,count,1,,2
1836,upload,upload,count,1,,3
1837,upload,upload,destroy,1,,1
1838,upload,upload,destroy,0,,2
1839,upload,upload,destroy,0,,3
1840,upload,upload,find,1,,1
1841,upload,upload,find,1,,2
1842,upload,upload,find,1,,3
1843,upload,upload,findone,1,,1
1844,upload,upload,findone,1,,2
1845,upload,upload,findone,1,,3
1846,upload,upload,getenvironments,1,,1
1847,upload,upload,getenvironments,0,,2
1848,upload,upload,getenvironments,0,,3
1849,upload,upload,getsettings,1,,1
1850,upload,upload,getsettings,0,,2
1851,upload,upload,getsettings,0,,3
1852,upload,upload,search,1,,1
1853,upload,upload,search,1,,2
1854,upload,upload,search,1,,3
1855,upload,upload,updatesettings,1,,1
1856,upload,upload,updatesettings,0,,2
1857,upload,upload,updatesettings,0,,3
1858,upload,upload,upload,1,,1
1859,upload,upload,upload,1,,2
1860,upload,upload,upload,1,,3
1861,users-permissions,auth,callback,1,,1
1862,users-permissions,auth,callback,0,,2
1863,users-permissions,auth,callback,1,,3
1864,users-permissions,auth,changepassword,1,,1
1865,users-permissions,auth,changepassword,0,,2
1866,users-permissions,auth,changepassword,1,,3
1867,users-permissions,auth,connect,1,,1
1868,users-permissions,auth,connect,1,,2
1869,users-permissions,auth,connect,1,,3
1870,users-permissions,auth,forgotpassword,1,,1
1871,users-permissions,auth,forgotpassword,0,,2
1872,users-permissions,auth,forgotpassword,1,,3
1873,users-permissions,auth,register,1,,1
1874,users-permissions,auth,register,0,,2
1875,users-permissions,auth,register,1,,3
1876,users-permissions,user,create,1,,1
1877,users-permissions,user,create,0,,2
1878,users-permissions,user,create,0,,3
1879,users-permissions,user,destroy,1,,1
1880,users-permissions,user,destroy,0,,2
1881,users-permissions,user,destroy,0,,3
1882,users-permissions,user,destroyall,1,,1
1883,users-permissions,user,destroyall,0,,2
1884,users-permissions,user,destroyall,0,,3
1885,users-permissions,user,find,1,,1
1886,users-permissions,user,find,0,,2
1887,users-permissions,user,find,0,,3
1888,users-permissions,user,findone,1,,1
1889,users-permissions,user,findone,0,,2
1890,users-permissions,user,findone,0,,3
1891,users-permissions,user,me,1,,1
1892,users-permissions,user,me,1,,2
1893,users-permissions,user,me,1,,3
1894,users-permissions,user,update,1,,1
1895,users-permissions,user,update,0,,2
1896,users-permissions,user,update,0,,3
1897,users-permissions,userspermissions,createrole,1,,1
1898,users-permissions,userspermissions,createrole,0,,2
1899,users-permissions,userspermissions,createrole,0,,3
1900,users-permissions,userspermissions,deleteprovider,1,,1
1901,users-permissions,userspermissions,deleteprovider,0,,2
1902,users-permissions,userspermissions,deleteprovider,0,,3
1903,users-permissions,userspermissions,deleterole,1,,1
1904,users-permissions,userspermissions,deleterole,0,,2
1905,users-permissions,userspermissions,deleterole,0,,3
1906,users-permissions,userspermissions,getadvancedsettings,1,,1
1907,users-permissions,userspermissions,getadvancedsettings,0,,2
1908,users-permissions,userspermissions,getadvancedsettings,0,,3
1909,users-permissions,userspermissions,getemailtemplate,1,,1
1910,users-permissions,userspermissions,getemailtemplate,0,,2
1911,users-permissions,userspermissions,getemailtemplate,0,,3
1912,users-permissions,userspermissions,getpermissions,1,,1
1913,users-permissions,userspermissions,getpermissions,0,,2
1914,users-permissions,userspermissions,getpermissions,0,,3
1915,users-permissions,userspermissions,getpolicies,1,,1
1916,users-permissions,userspermissions,getpolicies,0,,2
1917,users-permissions,userspermissions,getpolicies,0,,3
1918,users-permissions,userspermissions,getproviders,1,,1
1919,users-permissions,userspermissions,getproviders,0,,2
1920,users-permissions,userspermissions,getproviders,0,,3
1921,users-permissions,userspermissions,getrole,1,,1
1922,users-permissions,userspermissions,getrole,0,,2
1923,users-permissions,userspermissions,getrole,0,,3
1924,users-permissions,userspermissions,getroles,1,,1
1925,users-permissions,userspermissions,getroles,0,,2
1926,users-permissions,userspermissions,getroles,0,,3
1927,users-permissions,userspermissions,getroutes,1,,1
1928,users-permissions,userspermissions,getroutes,0,,2
1929,users-permissions,userspermissions,getroutes,0,,3
1930,users-permissions,userspermissions,index,1,,1
1931,users-permissions,userspermissions,index,0,,2
1932,users-permissions,userspermissions,index,0,,3
1933,users-permissions,userspermissions,init,1,,1
1934,users-permissions,userspermissions,init,1,,2
1935,users-permissions,userspermissions,init,1,,3
1936,users-permissions,userspermissions,searchusers,1,,1
1937,users-permissions,userspermissions,searchusers,0,,2
1938,users-permissions,userspermissions,searchusers,0,,3
1939,users-permissions,userspermissions,updateadvancedsettings,1,,1
1940,users-permissions,userspermissions,updateadvancedsettings,0,,2
1941,users-permissions,userspermissions,updateadvancedsettings,0,,3
1942,users-permissions,userspermissions,updateemailtemplate,1,,1
1943,users-permissions,userspermissions,updateemailtemplate,0,,2
1944,users-permissions,userspermissions,updateemailtemplate,0,,3
1945,users-permissions,userspermissions,updateproviders,1,,1
1946,users-permissions,userspermissions,updateproviders,0,,2
1947,users-permissions,userspermissions,updateproviders,0,,3
1948,users-permissions,userspermissions,updaterole,1,,1
1949,users-permissions,userspermissions,updaterole,0,,2
1950,users-permissions,userspermissions,updaterole,0,,3
